SensorDataID,Timestamp,EquipmentID,SensorID,LocationID,Temperature,Vibration,Pressure,Voltage,HealthScore,PredictedFailure,EstimatedDowntimeMins,EstimatedMaintenanceCost
1,23:55.3,EQP_005,SNS_004,LOC_01,85.8194206,,,,75,0,79,747
2,47:55.3,EQP_005,SNS_003,LOC_06,,4.729366417,,,42,0,78,239
3,53:55.3,EQP_005,SNS_004,LOC_01,83.16072843,,,,38,0,23,652
4,05:55.3,EQP_003,SNS_005,LOC_06,,5.60234108,,,72,0,118,381
5,36:55.3,EQP_003,SNS_006,LOC_03,,,,200.757448,5,0,51,661
6,05:55.3,EQP_002,SNS_003,LOC_04,,8.234082384,,,82,0,59,357
7,40:55.3,EQP_004,SNS_002,LOC_04,,,3.668533438,,47,0,70,922
8,55:55.3,EQP_001,SNS_004,LOC_01,81.76598017,,,,6,0,13,459
9,11:55.3,EQP_005,SNS_005,LOC_02,,7.865037125,,,79,0,81,539
10,48:55.3,EQP_002,SNS_004,LOC_05,80.40024232,,,,68,0,97,369
11,16:55.3,EQP_001,SNS_003,LOC_05,,4.494748682,,,15,0,84,233
12,42:55.3,EQP_002,SNS_008,LOC_01,,4.204729051,,,0,0,26,845
13,02:55.3,EQP_003,SNS_010,LOC_06,,6.503594463,,,36,0,94,739
14,16:55.3,EQP_005,SNS_004,LOC_02,84.37560122,,,,82,0,66,203
15,25:55.3,EQP_001,SNS_002,LOC_03,,,3.411054297,,36,0,99,865
16,35:55.3,EQP_001,SNS_002,LOC_06,,,3.978440918,,80,0,116,194
17,02:55.3,EQP_001,SNS_001,LOC_06,,,,205.9119868,63,0,57,948
18,47:55.3,EQP_001,SNS_004,LOC_01,74.25124062,,,,89,0,53,828
19,49:55.3,EQP_001,SNS_010,LOC_01,,4.877011213,,,85,0,54,672
20,01:55.3,EQP_002,SNS_009,LOC_05,,8.096808849,,,,0,100,579
21,06:55.3,EQP_005,SNS_007,LOC_01,,,,212.8792545,71,0,89,879
22,13:55.3,EQP_003,SNS_010,LOC_01,,4.395713764,,,60,0,99,340
23,38:55.3,EQP_003,SNS_007,LOC_01,,,,195.8589885,32,0,42,112
24,05:55.3,EQP_003,SNS_007,LOC_05,,,,229.3118573,65,0,40,246
25,19:55.3,EQP_003,SNS_008,LOC_03,,5.050983669,,,29,0,56,851
26,31:55.3,EQP_002,SNS_001,LOC_03,,,,256.3084492,19,1,15,700
27,52:55.3,EQP_004,SNS_010,LOC_01,,6.419435211,,,59,0,117,194
28,07:55.3,EQP_005,SNS_010,LOC_05,,6.712496592,,,81,0,81,926
29,34:55.3,EQP_001,SNS_008,LOC_03,,6.968452409,,,73,0,80,392
30,07:55.3,EQP_004,SNS_004,LOC_06,75.39936397,,,,23,0,43,124
31,28:55.3,EQP_003,SNS_004,LOC_03,72.62056453,,,,3,0,117,371
32,37:55.3,EQP_004,SNS_004,LOC_03,77.69024068,,,,36,0,62,604
33,38:55.3,EQP_005,SNS_006,LOC_05,,,,196.7128759,3,0,23,265
34,31:55.3,EQP_001,SNS_007,LOC_06,,,,193.8055246,76,0,25,861
35,57:55.3,EQP_001,SNS_006,LOC_05,,,,233.0830942,88,0,52,186
36,01:55.3,EQP_005,SNS_001,LOC_01,,,,201.7042179,76,0,82,753
37,29:55.3,EQP_005,SNS_008,LOC_04,,5.394346637,,,17,0,83,745
38,37:55.3,EQP_003,SNS_010,LOC_03,,5.905902985,,,87,0,90,890
39,13:55.3,EQP_001,SNS_007,LOC_04,,,,218.6749679,65,0,21,737
40,20:55.3,EQP_004,SNS_006,LOC_05,,,,244.837671,47,0,79,927
41,21:55.3,EQP_002,SNS_006,LOC_05,,,,252.0102697,32,0,28,590
42,53:55.3,EQP_002,SNS_005,LOC_05,,5.52633257,,,57,0,116,240
43,21:55.3,EQP_005,SNS_006,LOC_04,,,,220.0300749,82,0,50,967
44,41:55.3,EQP_003,SNS_009,LOC_05,,4.67680235,,,,0,62,202
45,27:55.3,EQP_002,SNS_010,LOC_01,,4.386659069,,,27,0,38,325
46,33:55.3,EQP_001,SNS_009,LOC_05,,5.212747778,,,34,0,79,674
47,27:55.3,EQP_005,SNS_010,LOC_02,,5.244004241,,,9,0,68,393
48,28:55.3,EQP_004,SNS_008,LOC_04,,6.651948009,,,64,0,98,995
49,27:55.3,EQP_005,SNS_010,LOC_02,,7.400172733,,,41,0,73,405
50,47:55.3,EQP_004,SNS_009,LOC_05,,4.158665392,,,84,0,33,353
51,06:55.3,EQP_005,SNS_010,LOC_01,,7.89139915,,,8,0,98,279
52,07:55.3,EQP_005,SNS_008,LOC_03,,4.564845281,,,59,1,25,139
53,03:55.3,EQP_005,SNS_008,LOC_06,,5.70703214,,,14,0,61,875
54,25:55.3,EQP_004,SNS_001,LOC_06,,,,252.9010798,98,0,89,800
55,24:55.3,EQP_004,SNS_010,LOC_05,,8.433499303,,,56,0,15,619
56,06:55.3,EQP_005,SNS_005,LOC_01,,4.849261195,,,68,0,46,715
57,51:55.3,EQP_002,SNS_004,LOC_04,93.13343952,,,,21,1,94,836
58,26:55.3,EQP_003,SNS_002,LOC_02,,,3.159647174,,63,0,13,645
59,19:55.3,EQP_003,SNS_008,LOC_02,,4.499951729,,,40,0,107,335
60,55:55.3,EQP_003,SNS_003,LOC_02,,5.066093703,,,86,0,101,562
61,43:55.3,EQP_004,SNS_004,LOC_04,80.41056763,,,,70,0,47,327
62,50:55.3,EQP_004,SNS_007,LOC_06,,,,215.1952224,55,0,50,799
63,18:55.3,EQP_002,SNS_010,LOC_01,,4.491530157,,,22,0,101,924
64,22:55.3,EQP_003,SNS_009,LOC_04,,6.31173018,,,24,0,90,582
65,48:55.3,EQP_003,SNS_002,LOC_02,,,3.487952218,,90,0,23,529
66,58:55.3,EQP_005,SNS_003,LOC_05,,4.682733807,,,5,0,80,121
67,22:55.3,EQP_004,SNS_004,LOC_03,90.20339237,,,,33,0,95,442
68,15:55.3,EQP_003,SNS_010,LOC_04,,5.805996101,,,62,0,60,139
69,50:55.3,EQP_002,SNS_001,LOC_04,,,,217.6421888,8,0,74,272
70,15:55.3,EQP_002,SNS_007,LOC_01,,,,232.6017079,59,0,102,538
71,56:55.3,EQP_003,SNS_002,LOC_01,,,2.748650168,,48,0,61,278
72,40:55.3,EQP_004,SNS_005,LOC_04,,7.168878985,,,96,0,104,697
73,10:55.3,EQP_002,SNS_001,LOC_02,,,,218.2516647,50,0,39,232
74,31:55.3,EQP_005,SNS_003,LOC_03,,4.549948779,,,59,0,66,450
75,04:55.3,EQP_002,SNS_002,LOC_01,,,3.360438256,,69,0,88,624
76,14:55.3,EQP_001,SNS_001,LOC_02,,,,204.7417746,36,0,91,639
77,44:55.3,EQP_001,SNS_007,LOC_05,,,,214.6458248,30,1,108,605
78,12:55.3,EQP_004,SNS_005,LOC_01,,4.971643855,,,97,0,39,183
79,05:55.3,EQP_003,SNS_001,LOC_02,,,,215.3411755,40,0,107,563
80,22:55.3,EQP_004,SNS_006,LOC_02,,,,208.0866143,,0,51,929
81,31:55.3,EQP_004,SNS_005,LOC_03,,4.59241189,,,92,0,20,960
82,48:55.3,EQP_004,SNS_003,LOC_03,,5.70706023,,,57,0,36,442
83,42:55.3,EQP_004,SNS_007,LOC_05,,,,216.6270604,13,0,33,379
84,03:55.3,EQP_005,SNS_010,LOC_02,,5.880576382,,,35,0,108,965
85,33:55.3,EQP_005,SNS_009,LOC_06,,5.444966489,,,35,0,48,362
86,26:55.3,EQP_002,SNS_009,LOC_02,,4.502475071,,,78,0,81,265
87,11:55.3,EQP_001,SNS_009,LOC_03,,6.814192494,,,7,0,27,392
88,40:55.3,EQP_004,SNS_002,LOC_06,,,4.124175315,,25,0,86,608
89,16:55.3,EQP_002,SNS_003,LOC_01,,4.651924284,,,35,0,54,679
90,38:55.3,EQP_001,SNS_007,LOC_01,,,,194.8793808,47,0,97,325
91,24:55.3,EQP_003,SNS_005,LOC_04,,6.171492474,,,84,0,96,269
92,39:55.3,EQP_005,SNS_002,LOC_03,,,3.171932859,,27,0,21,697
93,57:55.3,EQP_001,SNS_003,LOC_04,,5.378346092,,,67,0,58,744
94,02:55.3,EQP_003,SNS_010,LOC_06,,4.908672726,,,,0,103,547
95,50:55.3,EQP_001,SNS_006,LOC_03,,,,218.6948907,79,0,40,789
96,20:55.3,EQP_005,SNS_007,LOC_05,,,,220.6647563,85,0,101,954
97,54:55.3,EQP_005,SNS_009,LOC_02,,5.724114466,,,75,0,31,601
98,21:55.3,EQP_002,SNS_001,LOC_05,,,,217.4635265,79,0,53,863
99,40:55.3,EQP_004,SNS_007,LOC_06,,,,225.1473122,50,0,101,626
100,16:55.3,EQP_001,SNS_008,LOC_03,,,,,41,0,73,834
101,25:55.3,EQP_001,SNS_003,LOC_06,,4.792108843,,,100,0,86,478
102,32:55.3,EQP_003,SNS_004,LOC_02,77.76793449,,,,28,0,34,300
103,48:55.3,EQP_005,SNS_010,LOC_01,,5.290066521,,,81,0,117,718
104,30:55.3,EQP_001,SNS_006,LOC_01,,,,230.3541848,9,0,60,349
105,36:55.3,EQP_005,SNS_010,LOC_06,,3.982376282,,,38,0,119,508
106,44:55.3,EQP_001,SNS_007,LOC_04,,,,206.788667,81,0,16,700
107,11:55.3,EQP_002,SNS_004,LOC_03,75.43779763,,,,0,0,118,224
108,39:55.3,EQP_004,SNS_008,LOC_03,,4.792519139,,,38,0,15,212
109,40:55.3,EQP_001,SNS_005,LOC_01,,5.218798107,,,20,0,33,236
110,58:55.3,EQP_005,SNS_001,LOC_05,,,,215.5033099,64,0,28,858
111,39:55.3,EQP_002,SNS_004,LOC_02,73.90230496,,,,14,0,92,595
112,02:55.3,EQP_001,SNS_003,LOC_05,,3.760696325,,,3,0,109,777
113,27:55.3,EQP_003,SNS_009,LOC_05,,5.891009023,,,59,0,18,249
114,58:55.3,EQP_004,SNS_008,LOC_06,,6.950017381,,,60,0,45,974
115,12:55.3,EQP_001,SNS_001,LOC_01,,,,217.6083614,19,0,111,442
116,12:55.3,EQP_002,SNS_006,LOC_01,,,,227.4578562,9,0,49,679
117,34:55.3,EQP_003,SNS_009,LOC_01,,,,,86,0,102,832
118,08:55.3,EQP_002,SNS_007,LOC_06,,,,214.9430975,33,0,33,882
119,02:55.3,EQP_002,SNS_004,LOC_04,58.9453491,,,,47,0,57,420
120,23:55.3,EQP_003,SNS_001,LOC_05,,,,213.4393505,32,0,72,921
121,18:55.3,EQP_002,SNS_002,LOC_06,,,3.093749318,,97,0,78,960
122,19:55.3,EQP_003,SNS_005,LOC_03,,7.596086725,,,,0,62,631
123,56:55.3,EQP_001,SNS_005,LOC_02,,5.562140621,,,9,0,63,388
124,33:55.3,EQP_003,SNS_008,LOC_04,,6.192152589,,,53,0,51,588
125,25:55.3,EQP_003,SNS_006,LOC_03,,,,202.0120674,83,1,54,591
126,41:55.3,EQP_004,SNS_008,LOC_05,,6.1063918,,,64,0,99,711
127,46:55.3,EQP_003,SNS_002,LOC_01,,,2.5631413,,76,0,23,351
128,10:55.3,EQP_003,SNS_003,LOC_05,,7.822384404,,,0,0,112,176
129,17:55.3,EQP_001,SNS_006,LOC_06,,,,241.9663078,4,0,38,746
130,47:55.3,EQP_004,SNS_010,LOC_02,,6.165069645,,,79,0,15,491
131,31:55.3,EQP_005,SNS_003,LOC_06,,3.646747176,,,14,0,16,511
132,19:55.3,EQP_001,SNS_006,LOC_04,,,,218.0608155,27,0,46,272
133,28:55.3,EQP_001,SNS_006,LOC_04,,,,222.2430088,94,0,62,974
134,11:55.3,EQP_005,SNS_002,LOC_02,,,,,22,0,27,300
135,08:55.3,EQP_003,SNS_007,LOC_03,,,,227.0984558,16,0,96,316
136,53:55.3,EQP_002,SNS_002,LOC_03,,,3.696464885,,97,0,117,475
137,14:55.3,EQP_004,SNS_006,LOC_04,,,,239.571736,12,0,47,819
138,34:55.3,EQP_002,SNS_001,LOC_04,,,,231.7043497,13,0,68,685
139,42:55.3,EQP_005,SNS_003,LOC_01,,4.854116577,,,10,0,10,110
140,16:55.3,EQP_001,SNS_002,LOC_03,,,3.899295502,,27,0,77,898
141,30:55.3,EQP_001,SNS_007,LOC_02,,,,189.8969917,41,0,53,867
142,35:55.3,EQP_004,SNS_004,LOC_03,81.81339503,,,,95,0,56,111
143,50:55.3,EQP_001,SNS_008,LOC_01,,2.648280572,,,98,0,44,991
144,40:55.3,EQP_001,SNS_006,LOC_06,,,,201.0746813,60,0,96,689
145,00:55.3,EQP_004,SNS_010,LOC_04,,5.262677146,,,63,0,100,534
146,13:55.3,EQP_004,SNS_004,LOC_04,68.80444325,,,,30,0,69,783
147,08:55.3,EQP_005,SNS_005,LOC_01,,4.626793174,,,80,0,99,707
148,14:55.3,EQP_001,SNS_009,LOC_02,,5.511358233,,,72,0,61,917
149,45:55.3,EQP_001,SNS_007,LOC_04,,,,204.1267045,9,0,17,472
150,14:55.3,EQP_005,SNS_010,LOC_05,,4.618530284,,,7,0,116,372
151,05:55.3,EQP_003,SNS_009,LOC_04,,6.716146986,,,20,0,89,996
152,39:55.3,EQP_003,SNS_007,LOC_05,,,,246.1344249,76,0,50,790
153,59:55.3,EQP_003,SNS_001,LOC_01,,,,222.2784253,58,0,12,675
154,45:55.3,EQP_005,SNS_008,LOC_01,,5.582614878,,,49,0,105,608
155,06:55.3,EQP_001,SNS_004,LOC_04,96.41383119,,,,68,0,78,231
156,06:55.3,EQP_005,SNS_003,LOC_03,,6.215676483,,,69,0,93,954
157,41:55.3,EQP_005,SNS_007,LOC_05,,,,212.1323922,29,1,23,883
158,39:55.3,EQP_003,SNS_003,LOC_02,,,,,94,0,105,418
159,31:55.3,EQP_002,SNS_008,LOC_04,,3.534874099,,,16,0,35,943
160,33:55.3,EQP_001,SNS_006,LOC_02,,,,211.3880984,74,0,79,952
161,32:55.3,EQP_003,SNS_005,LOC_04,,5.882992348,,,19,0,67,720
162,06:55.3,EQP_002,SNS_004,LOC_03,76.84247914,,,,47,0,109,884
163,11:55.3,EQP_002,SNS_008,LOC_03,,5.099465355,,,72,0,49,267
164,38:55.3,EQP_004,SNS_008,LOC_03,,4.285271972,,,1,0,60,496
165,24:55.3,EQP_001,SNS_001,LOC_06,,,,206.8883834,36,0,14,279
166,10:55.3,EQP_002,SNS_009,LOC_03,,5.622489899,,,0,0,86,157
167,01:55.3,EQP_003,SNS_005,LOC_01,,4.163776921,,,3,0,41,579
168,21:55.3,EQP_004,SNS_004,LOC_01,74.8346425,,,,99,0,89,690
169,23:55.3,EQP_001,SNS_006,LOC_06,,,,221.4760254,53,0,10,559
170,48:55.3,EQP_005,SNS_006,LOC_05,,,,233.0672432,,0,86,160
171,14:55.3,EQP_003,SNS_002,LOC_02,,,3.201940308,,2,0,63,468
172,38:55.3,EQP_002,SNS_008,LOC_04,,6.108905113,,,8,0,20,220
173,16:55.3,EQP_002,SNS_007,LOC_04,,,,222.8933521,85,0,62,818
174,49:55.3,EQP_003,SNS_001,LOC_06,,,,209.2073289,86,0,17,645
175,06:55.3,EQP_002,SNS_005,LOC_01,,3.827402747,,,75,0,34,681
176,53:55.3,EQP_004,SNS_006,LOC_04,,,,231.2889761,73,0,49,116
177,03:55.3,EQP_001,SNS_004,LOC_01,76.35718591,,,,33,0,41,595
178,56:55.3,EQP_004,SNS_002,LOC_05,,,3.469640225,,42,0,97,596
179,07:55.3,EQP_002,SNS_004,LOC_02,68.05642029,,,,73,0,37,604
180,40:55.3,EQP_005,SNS_001,LOC_05,,,,219.0867134,93,0,87,631
181,55:55.3,EQP_001,SNS_007,LOC_06,,,,218.1569734,21,1,118,414
182,00:55.3,EQP_001,SNS_002,LOC_03,,,3.177627208,,69,0,12,168
183,22:55.3,EQP_003,SNS_002,LOC_03,,,2.684643534,,1,0,109,826
184,16:55.3,EQP_003,SNS_009,LOC_03,,5.082047856,,,93,0,100,260
185,09:55.3,EQP_005,SNS_005,LOC_05,,4.904737225,,,65,0,93,713
186,23:55.3,EQP_001,SNS_002,LOC_04,,,2.222152546,,31,0,88,987
187,19:55.3,EQP_005,SNS_009,LOC_02,,3.667245171,,,15,0,71,817
188,45:55.3,EQP_003,SNS_009,LOC_03,,3.45743872,,,75,0,36,244
189,41:55.3,EQP_003,SNS_001,LOC_06,,,,208.1193273,0,0,54,668
190,31:55.3,EQP_001,SNS_003,LOC_06,,6.793482087,,,71,0,114,694
191,39:55.3,EQP_004,SNS_004,LOC_03,63.54461782,,,,47,0,101,484
192,54:55.3,EQP_002,SNS_007,LOC_03,,,,240.7270832,49,0,34,368
193,38:55.3,EQP_003,SNS_010,LOC_02,,6.941217713,,,12,0,115,553
194,55:55.3,EQP_003,SNS_004,LOC_03,75.09038187,,,,14,0,70,798
195,56:55.3,EQP_004,SNS_002,LOC_02,,,3.275435936,,52,0,53,617
196,33:55.3,EQP_004,SNS_007,LOC_06,,,,229.0077978,43,0,119,964
197,19:55.3,EQP_005,SNS_006,LOC_03,,,,214.2497937,7,0,106,449
198,10:55.3,EQP_005,SNS_003,LOC_05,,5.060509963,,,73,0,55,209
199,03:55.3,EQP_002,SNS_006,LOC_05,,,,205.5273944,45,0,23,582
200,19:55.3,EQP_002,SNS_006,LOC_06,,,,225.5743071,,0,17,506
201,08:55.3,EQP_001,SNS_005,LOC_02,,2.847948653,,,18,0,57,749
202,20:55.3,EQP_005,SNS_004,LOC_05,76.64655155,,,,37,0,23,150
203,13:55.3,EQP_003,SNS_010,LOC_02,,5.688710124,,,10,0,74,502
204,36:55.3,EQP_005,SNS_001,LOC_05,,,,241.3686016,42,0,89,662
205,31:55.3,EQP_003,SNS_010,LOC_05,,5.978138947,,,19,0,91,575
206,39:55.3,EQP_004,SNS_006,LOC_02,,,,234.4624784,19,0,16,186
207,54:55.3,EQP_005,SNS_002,LOC_04,,,4.186405377,,20,0,88,167
208,34:55.3,EQP_004,SNS_003,LOC_05,,5.159578368,,,81,0,97,695
209,52:55.3,EQP_002,SNS_008,LOC_03,,7.141718178,,,56,0,58,141
210,25:55.3,EQP_002,SNS_010,LOC_06,,4.097510766,,,49,0,64,830
211,31:55.3,EQP_001,SNS_006,LOC_04,,,,204.4322104,73,0,22,156
212,22:55.3,EQP_005,SNS_003,LOC_02,,4.87431869,,,97,0,82,837
213,10:55.3,EQP_004,SNS_007,LOC_04,,,,199.8406272,25,1,65,295
214,32:55.3,EQP_003,SNS_004,LOC_01,79.24966116,,,,29,0,65,859
215,04:55.3,EQP_002,SNS_009,LOC_01,,4.083659675,,,72,0,24,777
216,01:55.3,EQP_002,SNS_005,LOC_05,,5.816256089,,,30,0,66,161
217,40:55.3,EQP_003,SNS_003,LOC_05,,8.583888443,,,41,0,67,362
218,39:55.3,EQP_004,SNS_002,LOC_03,,,3.597150566,,67,0,44,211
219,17:55.3,EQP_004,SNS_002,LOC_06,,,3.109054041,,60,0,97,864
220,39:55.3,EQP_005,SNS_003,LOC_04,,5.906438043,,,60,0,106,810
221,06:55.3,EQP_005,SNS_002,LOC_01,,,3.263546374,,69,0,25,277
222,22:55.3,EQP_001,SNS_004,LOC_05,69.07073467,,,,77,0,17,125
223,01:55.3,EQP_002,SNS_002,LOC_06,,,3.961762656,,67,0,102,509
224,06:55.3,EQP_005,SNS_010,LOC_04,,6.020499065,,,89,0,96,857
225,55:55.3,EQP_004,SNS_009,LOC_05,,6.237809677,,,16,0,54,630
226,49:55.3,EQP_003,SNS_002,LOC_05,,,2.233354964,,18,0,104,876
227,30:55.3,EQP_004,SNS_009,LOC_01,,6.288336535,,,50,0,49,416
228,22:55.3,EQP_002,SNS_006,LOC_01,,,,241.8711216,69,0,63,631
229,19:55.3,EQP_004,SNS_001,LOC_05,,,,190.2047385,62,0,23,205
230,08:55.3,EQP_001,SNS_004,LOC_02,,,,,92,0,68,848
231,54:55.3,EQP_002,SNS_001,LOC_05,,,,227.6341938,74,0,103,917
232,06:55.3,EQP_003,SNS_006,LOC_06,,,,218.9289881,79,0,62,563
233,20:55.3,EQP_001,SNS_004,LOC_05,75.00445494,,,,29,0,112,345
234,27:55.3,EQP_002,SNS_003,LOC_03,,3.730915265,,,24,0,36,180
235,35:55.3,EQP_003,SNS_003,LOC_03,,3.283109939,,,unknown,0,56,761
236,48:55.3,EQP_001,SNS_009,LOC_03,,5.64346831,,,70,0,89,495
237,19:55.3,EQP_001,SNS_006,LOC_02,,,,206.1586755,,0,15,621
238,31:55.3,EQP_002,SNS_009,LOC_02,,5.226534422,,,55,0,64,932
239,09:55.3,EQP_005,SNS_005,LOC_05,,6.692715709,,,21,0,106,835
240,59:55.3,EQP_001,SNS_002,LOC_03,,,2.486938816,,88,0,53,363
241,35:55.3,EQP_001,SNS_008,LOC_02,,5.577000551,,,18,0,27,760
242,16:55.3,EQP_003,SNS_005,LOC_01,,5.067872857,,,30,0,25,889
243,19:55.3,EQP_004,SNS_002,LOC_05,,,3.54961529,,25,0,21,373
244,49:55.3,EQP_002,SNS_004,LOC_06,66.93932441,,,,41,0,29,805
245,12:55.3,EQP_002,SNS_009,LOC_04,,6.523114964,,,40,0,54,271
246,07:55.3,EQP_005,SNS_004,LOC_05,62.15569626,,,,99,0,73,364
247,33:55.3,EQP_005,SNS_004,LOC_04,73.67912994,,,,22,0,113,921
248,24:55.3,EQP_002,SNS_002,LOC_03,,,3.417148038,,46,0,68,125
249,30:55.3,EQP_005,SNS_006,LOC_04,,,,254.4300855,12,0,102,568
250,49:55.3,EQP_003,SNS_002,LOC_03,,,2.778299226,,88,0,103,961
251,25:55.3,EQP_002,SNS_007,LOC_01,,,,229.179206,65,0,99,575
252,25:55.3,EQP_005,SNS_003,LOC_04,,5.721772363,,,65,0,31,455
253,21:55.3,EQP_002,SNS_003,LOC_05,,7.003706701,,,15,0,106,125
254,16:55.3,EQP_004,SNS_005,LOC_03,,5.970004739,,,72,0,112,133
255,06:55.3,EQP_001,SNS_003,LOC_05,,7.370557683,,,27,0,56,363
256,22:55.3,EQP_002,SNS_002,LOC_02,,,,,76,0,38,237
257,42:55.3,EQP_001,SNS_010,LOC_03,,5.673212161,,,34,0,95,915
258,25:55.3,EQP_005,SNS_009,LOC_04,,6.491969842,,,40,0,54,794
259,22:55.3,EQP_001,SNS_002,LOC_03,,,3.057620686,,76,0,86,974
260,27:55.3,EQP_002,SNS_002,LOC_05,,,2.950617406,,30,0,18,853
261,27:55.3,EQP_004,SNS_008,LOC_01,,4.74477748,,,84,0,33,665
262,44:55.3,EQP_005,SNS_009,LOC_03,,4.600941259,,,31,0,24,561
263,44:55.3,EQP_002,SNS_007,LOC_04,,,,235.6418043,53,0,45,267
264,22:55.3,EQP_005,SNS_003,LOC_02,,3.298230364,,,97,0,22,730
265,23:55.3,EQP_003,SNS_009,LOC_06,,3.632835968,,,71,1,100,754
266,26:55.3,EQP_001,SNS_003,LOC_01,,7.735295791,,,58,0,53,180
267,35:55.3,EQP_003,SNS_005,LOC_02,,4.629883935,,,40,0,110,856
268,23:55.3,EQP_002,SNS_009,LOC_03,,5.740017821,,,65,1,80,963
269,08:55.3,EQP_004,SNS_003,LOC_05,,3.713024299,,,95,0,81,969
270,13:55.3,EQP_005,SNS_007,LOC_05,,,,207.1697923,53,0,110,506
271,44:55.3,EQP_001,SNS_001,LOC_04,,,,228.7692709,39,0,114,673
272,37:55.3,EQP_005,SNS_004,LOC_05,84.40696144,,,,27,0,87,145
273,33:55.3,EQP_002,SNS_004,LOC_01,79.96164906,,,,36,0,85,698
274,25:55.3,EQP_005,SNS_007,LOC_05,,,,209.6301759,64,0,45,710
275,13:55.3,EQP_001,SNS_008,LOC_04,,5.371174251,,,73,0,70,906
276,54:55.3,EQP_002,SNS_001,LOC_06,,,,205.5834334,54,0,113,152
277,40:55.3,EQP_005,SNS_005,LOC_03,,7.783951225,,,3,0,90,803
278,45:55.3,EQP_004,SNS_007,LOC_03,,,,213.9233949,98,0,49,575
279,16:55.3,EQP_002,SNS_004,LOC_05,72.05220716,,,,9,0,102,691
280,36:55.3,EQP_002,SNS_004,LOC_02,88.46178264,,,,46,0,36,115
281,17:55.3,EQP_004,SNS_004,LOC_03,64.22128189,,,,74,0,10,459
282,22:55.3,EQP_003,SNS_006,LOC_06,,,,241.9614946,13,0,43,586
283,45:55.3,EQP_001,SNS_007,LOC_05,,,,200.8713973,37,0,77,937
284,19:55.3,EQP_003,SNS_002,LOC_04,,,3.205008962,,11,0,97,805
285,24:55.3,EQP_005,SNS_005,LOC_06,,4.931362156,,,44,0,30,601
286,03:55.3,EQP_004,SNS_004,LOC_05,68.82390818,,,,16,0,42,240
287,30:55.3,EQP_003,SNS_003,LOC_06,,5.500223998,,,79,0,16,719
288,03:55.3,EQP_002,SNS_007,LOC_03,,,,239.194336,34,1,74,914
289,27:55.3,EQP_005,SNS_006,LOC_04,,,,210.4947744,65,0,114,876
290,04:55.3,EQP_005,SNS_007,LOC_05,,,,208.5007428,74,0,12,546
291,56:55.3,EQP_003,SNS_005,LOC_01,,6.450155695,,,40,0,117,389
292,47:55.3,EQP_003,SNS_006,LOC_04,,,,200.4499792,66,0,60,308
293,10:55.3,EQP_004,SNS_005,LOC_01,,4.531904344,,,28,0,88,574
294,46:55.3,EQP_001,SNS_007,LOC_06,,,,220.5816688,17,0,104,512
295,07:55.3,EQP_003,SNS_002,LOC_02,,,2.833367453,,19,0,63,776
296,19:55.3,EQP_003,SNS_005,LOC_04,,5.725046541,,,13,0,89,526
297,25:55.3,EQP_002,SNS_006,LOC_06,,,,222.807083,33,0,83,953
298,06:55.3,EQP_005,SNS_006,LOC_01,,,,233.7231844,48,0,102,470
299,13:55.3,EQP_001,SNS_005,LOC_03,,6.412142052,,,53,0,68,931
300,46:55.3,EQP_002,SNS_010,LOC_03,,6.765294535,,,,0,15,763
301,25:55.3,EQP_004,SNS_007,LOC_02,,,,206.2830989,57,0,38,389
302,24:55.3,EQP_004,SNS_010,LOC_04,,6.000315404,,,41,0,26,531
303,22:55.3,EQP_003,SNS_008,LOC_04,,5.958359749,,,57,1,69,367
304,23:55.3,EQP_003,SNS_007,LOC_04,,,,219.5811932,81,0,31,250
305,10:55.3,EQP_004,SNS_005,LOC_06,,6.137315923,,,29,0,33,818
306,46:55.3,EQP_003,SNS_001,LOC_02,,,,225.1174601,24,0,90,354
307,01:55.3,EQP_001,SNS_005,LOC_04,,5.526644721,,,62,0,94,452
308,02:55.3,EQP_003,SNS_010,LOC_06,,3.746890074,,,18,0,60,476
309,56:55.3,EQP_005,SNS_002,LOC_03,,,4.027377179,,,0,59,752
310,20:55.3,EQP_003,SNS_005,LOC_01,,3.364684661,,,91,0,20,954
311,23:55.3,EQP_002,SNS_005,LOC_06,,7.048313355,,,7,0,65,457
312,30:55.3,EQP_001,SNS_002,LOC_03,,,2.994264413,,94,0,80,707
313,03:55.3,EQP_002,SNS_005,LOC_03,,4.898356874,,,2,0,51,469
314,52:55.3,EQP_002,SNS_004,LOC_01,86.09929596,,,,66,0,48,326
315,50:55.3,EQP_005,SNS_001,LOC_03,,,,214.6411511,85,0,78,804
316,42:55.3,EQP_001,SNS_003,LOC_02,,4.734067641,,,,0,117,402
317,35:55.3,EQP_001,SNS_001,LOC_01,,,,201.3542566,99,0,57,925
318,18:55.3,EQP_001,SNS_005,LOC_03,,5.590911212,,,16,0,66,488
319,43:55.3,EQP_001,SNS_004,LOC_05,68.69687521,,,,13,0,30,476
320,36:55.3,EQP_001,SNS_007,LOC_06,,,,208.9650877,8,0,91,217
321,55:55.3,EQP_005,SNS_005,LOC_03,,3.690174575,,,61,0,108,104
322,45:55.3,EQP_003,SNS_010,LOC_02,,4.11162583,,,93,0,29,543
323,37:55.3,EQP_002,SNS_004,LOC_04,83.50647668,,,,20,0,24,451
324,33:55.3,EQP_001,SNS_002,LOC_03,,,4.174122163,,,0,78,854
325,36:55.3,EQP_003,SNS_004,LOC_04,61.276254,,,,36,0,86,632
326,37:55.3,EQP_003,SNS_002,LOC_05,,,3.170400713,,95,0,60,763
327,37:55.3,EQP_002,SNS_008,LOC_03,,6.688286144,,,10,0,85,739
328,11:55.3,EQP_005,SNS_003,LOC_01,,4.795641175,,,19,0,71,223
329,49:55.3,EQP_004,SNS_009,LOC_04,,5.047189508,,,34,0,94,757
330,01:55.3,EQP_004,SNS_004,LOC_05,70.79061114,,,,52,0,46,376
331,28:55.3,EQP_003,SNS_006,LOC_01,,,,211.6254322,46,0,15,921
332,53:55.3,EQP_002,SNS_010,LOC_01,,6.007854849,,,74,0,80,493
333,33:55.3,EQP_004,SNS_005,LOC_01,,5.897782314,,,51,0,35,763
334,58:55.3,EQP_003,SNS_010,LOC_01,,5.670119031,,,7,0,115,459
335,15:55.3,EQP_005,SNS_001,LOC_03,,,,231.6397451,3,0,17,722
336,26:55.3,EQP_004,SNS_009,LOC_06,,6.975729069,,,26,0,82,568
337,57:55.3,EQP_003,SNS_001,LOC_03,,,,198.9084848,43,0,100,727
338,03:55.3,EQP_003,SNS_008,LOC_03,,5.510593766,,,,0,13,799
339,20:55.3,EQP_001,SNS_009,LOC_05,,4.244374152,,,46,0,30,156
340,24:55.3,EQP_005,SNS_009,LOC_05,,5.53492325,,,93,0,40,350
341,05:55.3,EQP_001,SNS_001,LOC_06,,,,215.2407173,43,0,30,995
342,42:55.3,EQP_002,SNS_002,LOC_05,,,3.133201103,,47,0,113,249
343,15:55.3,EQP_001,SNS_001,LOC_02,,,,229.428284,90,0,34,551
344,18:55.3,EQP_001,SNS_010,LOC_06,,5.908784964,,,84,0,112,261
345,15:55.3,EQP_004,SNS_002,LOC_05,,,2.662517686,,51,0,24,219
346,00:55.3,EQP_003,SNS_010,LOC_06,,6.43050848,,,83,0,44,681
347,27:55.3,EQP_005,SNS_008,LOC_03,,6.480241563,,,67,1,58,450
348,38:55.3,EQP_001,SNS_005,LOC_03,,4.988477732,,,10,0,52,198
349,43:55.3,EQP_005,SNS_007,LOC_06,,,,234.7147683,76,0,50,266
350,42:55.3,EQP_001,SNS_002,LOC_02,,,4.253559262,,72,0,46,909
351,31:55.3,EQP_002,SNS_008,LOC_02,,6.51463132,,,3,0,66,762
352,23:55.3,EQP_001,SNS_006,LOC_06,,,,218.1391737,75,0,51,937
353,09:55.3,EQP_004,SNS_008,LOC_05,,6.164036283,,,72,0,56,613
354,51:55.3,EQP_003,SNS_001,LOC_04,,,,260.5494828,76,0,101,763
355,12:55.3,EQP_002,SNS_001,LOC_02,,,,209.4957464,47,0,70,500
356,36:55.3,EQP_001,SNS_007,LOC_01,,,,226.092536,25,0,23,464
357,27:55.3,EQP_005,SNS_008,LOC_03,,5.079147466,,,76,0,77,676
358,05:55.3,EQP_002,SNS_003,LOC_06,,6.759993001,,,38,0,62,425
359,09:55.3,EQP_002,SNS_005,LOC_01,,5.906669918,,,91,0,93,680
360,56:55.3,EQP_001,SNS_001,LOC_06,,,,222.4510292,57,0,43,732
361,49:55.3,EQP_002,SNS_007,LOC_03,,,,230.8361521,18,0,85,720
362,12:55.3,EQP_005,SNS_005,LOC_03,,5.753920457,,,,0,106,927
363,28:55.3,EQP_002,SNS_008,LOC_02,,5.60932104,,,82,0,33,346
364,49:55.3,EQP_005,SNS_008,LOC_02,,7.667841606,,,76,0,29,533
365,54:55.3,EQP_001,SNS_009,LOC_01,,4.467768765,,,76,0,78,192
366,33:55.3,EQP_003,SNS_007,LOC_06,,,,219.9141799,57,0,111,367
367,49:55.3,EQP_002,SNS_001,LOC_03,,,,206.4183952,27,0,39,714
368,33:55.3,EQP_003,SNS_003,LOC_01,,5.953395065,,,65,0,97,723
369,17:55.3,EQP_005,SNS_008,LOC_04,,4.788313439,,,9,0,116,420
370,58:55.3,EQP_002,SNS_003,LOC_01,,5.877647569,,,85,1,113,915
371,41:55.3,EQP_004,SNS_008,LOC_05,,6.067661114,,,76,0,16,955
372,05:55.3,EQP_003,SNS_001,LOC_01,,,,229.9757722,57,0,45,161
373,05:55.3,EQP_002,SNS_005,LOC_05,,4.326013351,,,72,0,47,399
374,20:55.3,EQP_003,SNS_004,LOC_05,81.40533592,,,,96,0,89,502
375,39:55.3,EQP_002,SNS_005,LOC_05,,5.933698629,,,13,0,61,747
376,50:55.3,EQP_001,SNS_008,LOC_04,,6.229874674,,,83,0,24,666
377,30:55.3,EQP_003,SNS_010,LOC_01,,5.234869286,,,14,0,55,719
378,39:55.3,EQP_004,SNS_004,LOC_01,81.29749878,,,,95,0,32,402
379,06:55.3,EQP_004,SNS_004,LOC_04,85.71411302,,,,32,0,21,869
380,19:55.3,EQP_005,SNS_003,LOC_03,,5.72475466,,,16,0,102,352
381,58:55.3,EQP_002,SNS_007,LOC_02,,,,236.7722701,23,0,53,833
382,16:55.3,EQP_003,SNS_003,LOC_01,,6.451942486,,,29,0,24,577
383,43:55.3,EQP_005,SNS_003,LOC_02,,6.695829561,,,61,0,102,468
384,09:55.3,EQP_003,SNS_010,LOC_06,,4.624402451,,,12,0,118,778
385,26:55.3,EQP_002,SNS_005,LOC_06,,4.27289758,,,61,1,116,259
386,31:55.3,EQP_004,SNS_005,LOC_04,,5.136446348,,,46,0,58,265
387,19:55.3,EQP_001,SNS_006,LOC_06,,,,214.4972577,15,0,30,304
388,09:55.3,EQP_004,SNS_008,LOC_06,,5.182994788,,,65,0,24,366
389,16:55.3,EQP_005,SNS_010,LOC_03,,5.426898601,,,80,1,23,237
390,36:55.3,EQP_001,SNS_006,LOC_03,,,,198.3022386,95,0,51,467
391,20:55.3,EQP_005,SNS_001,LOC_03,,,,205.9236253,42,0,117,542
392,27:55.3,EQP_002,SNS_008,LOC_06,,3.996045247,,,7,0,89,957
393,07:55.3,EQP_001,SNS_008,LOC_04,,2.233266711,,,2,0,24,859
394,34:55.3,EQP_005,SNS_009,LOC_05,,6.631054274,,,11,0,115,666
395,53:55.3,EQP_002,SNS_009,LOC_05,,5.518272425,,,83,0,72,820
396,27:55.3,EQP_004,SNS_002,LOC_02,,,3.473827886,,15,0,77,116
397,13:55.3,EQP_002,SNS_002,LOC_05,,,3.483153269,,77,0,36,167
398,06:55.3,EQP_003,SNS_003,LOC_05,,5.529288807,,,79,0,96,232
399,03:55.3,EQP_002,SNS_001,LOC_03,,,,212.9840125,58,0,102,799
400,12:55.3,EQP_002,SNS_004,LOC_03,68.46908339,,,,48,0,114,529
401,01:55.3,EQP_003,SNS_004,LOC_06,86.89515043,,,,62,0,62,407
402,13:55.3,EQP_005,SNS_009,LOC_02,,7.595045603,,,61,0,61,749
403,42:55.3,EQP_005,SNS_009,LOC_01,,7.17914001,,,48,0,72,273
404,06:55.3,EQP_002,SNS_009,LOC_02,,5.041681274,,,50,0,82,511
405,52:55.3,EQP_003,SNS_010,LOC_02,,6.112273174,,,32,0,62,196
406,52:55.3,EQP_003,SNS_007,LOC_04,,,,231.1927113,29,0,66,782
407,26:55.3,EQP_004,SNS_002,LOC_06,,,3.299337929,,58,0,61,253
408,10:55.3,EQP_005,SNS_010,LOC_04,,7.692713806,,,75,0,116,794
409,01:55.3,EQP_001,SNS_005,LOC_02,,3.513557342,,,14,0,52,341
410,29:55.3,EQP_005,SNS_004,LOC_02,83.67632084,,,,81,0,16,403
411,30:55.3,EQP_005,SNS_008,LOC_02,,5.601188593,,,91,0,51,384
412,41:55.3,EQP_004,SNS_002,LOC_05,,,3.199047184,,22,0,13,126
413,23:55.3,EQP_001,SNS_006,LOC_04,,,,226.5639628,77,0,78,501
414,01:55.3,EQP_004,SNS_005,LOC_02,,3.493300271,,,93,0,14,459
415,43:55.3,EQP_001,SNS_002,LOC_03,,,3.155938079,,96,0,84,159
416,55:55.3,EQP_002,SNS_010,LOC_06,,5.525272238,,,44,0,114,301
417,02:55.3,EQP_001,SNS_001,LOC_06,,,,225.6694523,61,0,101,861
418,06:55.3,EQP_004,SNS_008,LOC_03,,6.243770929,,,78,0,89,973
419,27:55.3,EQP_005,SNS_002,LOC_06,,,3.267353734,,70,0,50,680
420,50:55.3,EQP_001,SNS_007,LOC_05,,,,239.5031875,14,0,103,469
421,19:55.3,EQP_001,SNS_009,LOC_05,,6.074582498,,,45,0,13,632
422,22:55.3,EQP_003,SNS_009,LOC_01,,6.315490822,,,63,0,11,251
423,53:55.3,EQP_005,SNS_008,LOC_01,,5.679303368,,,45,0,119,201
424,42:55.3,EQP_002,SNS_010,LOC_01,,5.15392936,,,55,0,76,998
425,56:55.3,EQP_004,SNS_009,LOC_06,,,,,43,0,30,706
426,43:55.3,EQP_002,SNS_002,LOC_05,,,2.874448551,,74,0,79,545
427,29:55.3,EQP_005,SNS_006,LOC_05,,,,229.1520551,28,0,52,972
428,26:55.3,EQP_001,SNS_004,LOC_05,80.38798159,,,,94,0,91,328
429,33:55.3,EQP_001,SNS_004,LOC_03,76.51110437,,,,,0,117,224
430,26:55.3,EQP_005,SNS_005,LOC_05,,3.712435094,,,,0,78,869
431,14:55.3,EQP_001,SNS_003,LOC_03,,7.246696982,,,51,0,18,933
432,19:55.3,EQP_001,SNS_001,LOC_01,,,,239.0057795,53,0,93,980
433,50:55.3,EQP_001,SNS_008,LOC_01,,5.37221454,,,87,0,37,335
434,12:55.3,EQP_004,SNS_005,LOC_06,,4.955449018,,,56,0,35,261
435,14:55.3,EQP_004,SNS_003,LOC_01,,4.81128399,,,82,0,91,653
436,29:55.3,EQP_003,SNS_010,LOC_06,,6.811884529,,,65,0,92,887
437,05:55.3,EQP_002,SNS_007,LOC_02,,,,192.9010928,21,0,12,452
438,11:55.3,EQP_005,SNS_007,LOC_02,,,,216.6912542,19,0,82,167
439,30:55.3,EQP_005,SNS_001,LOC_04,,,,220.9542934,32,0,109,272
440,35:55.3,EQP_005,SNS_009,LOC_06,,5.533615498,,,71,0,104,942
441,51:55.3,EQP_003,SNS_002,LOC_04,,,3.325346208,,24,0,58,736
442,25:55.3,EQP_004,SNS_005,LOC_04,,7.305057139,,,45,0,26,781
443,09:55.3,EQP_003,SNS_005,LOC_02,,5.487801135,,,72,0,72,658
444,51:55.3,EQP_005,SNS_008,LOC_06,,5.855637327,,,97,0,64,360
445,22:55.3,EQP_002,SNS_008,LOC_02,,5.797928719,,,56,0,32,316
446,52:55.3,EQP_001,SNS_007,LOC_04,,,,223.5218235,86,0,43,916
447,10:55.3,EQP_004,SNS_007,LOC_06,,,,215.1232718,4,0,114,223
448,45:55.3,EQP_004,SNS_006,LOC_04,,,,202.7640134,54,0,114,904
449,06:55.3,EQP_003,SNS_006,LOC_05,,,,185.2760279,60,0,78,261
450,40:55.3,EQP_004,SNS_009,LOC_06,,4.879435503,,,88,0,24,300
451,21:55.3,EQP_005,SNS_006,LOC_06,,,,190.2609212,7,0,56,553
452,19:55.3,EQP_005,SNS_002,LOC_04,,,2.685416545,,15,0,12,501
453,41:55.3,EQP_003,SNS_002,LOC_05,,,3.448406254,,47,0,92,561
454,59:55.3,EQP_005,SNS_005,LOC_03,,4.552183073,,,60,0,37,374
455,16:55.3,EQP_002,SNS_004,LOC_02,68.40397731,,,,14,0,12,305
456,21:55.3,EQP_003,SNS_002,LOC_04,,,3.33273133,,64,0,111,139
457,41:55.3,EQP_002,SNS_003,LOC_06,,4.70919189,,,21,0,13,372
458,14:55.3,EQP_001,SNS_007,LOC_02,,,,195.4361253,2,0,97,799
459,07:55.3,EQP_002,SNS_008,LOC_02,,6.604013752,,,53,0,40,966
460,34:55.3,EQP_001,SNS_006,LOC_02,,,,229.051541,13,0,54,192
461,27:55.3,EQP_001,SNS_005,LOC_03,,5.480898586,,,35,0,68,141
462,43:55.3,EQP_002,SNS_001,LOC_01,,,,245.9685188,81,0,54,564
463,51:55.3,EQP_003,SNS_008,LOC_04,,4.63327734,,,81,0,84,478
464,27:55.3,EQP_005,SNS_003,LOC_01,,5.12561559,,,66,0,46,206
465,45:55.3,EQP_005,SNS_006,LOC_01,,,,237.3816085,9,0,74,427
466,46:55.3,EQP_001,SNS_003,LOC_01,,4.229795535,,,48,0,18,164
467,07:55.3,EQP_001,SNS_007,LOC_02,,,,237.7818558,64,0,26,464
468,23:55.3,EQP_003,SNS_007,LOC_05,,,,233.1265246,90,0,74,920
469,51:55.3,EQP_004,SNS_009,LOC_02,,5.038245359,,,56,0,12,583
470,33:55.3,EQP_002,SNS_005,LOC_02,,5.846358581,,,26,0,35,746
471,43:55.3,EQP_001,SNS_008,LOC_06,,4.430539662,,,74,0,62,123
472,06:55.3,EQP_005,SNS_010,LOC_06,,5.883559211,,,4,1,40,639
473,32:55.3,EQP_003,SNS_010,LOC_01,,6.08200155,,,70,0,35,161
474,31:55.3,EQP_002,SNS_008,LOC_02,,4.938613381,,,82,0,32,590
475,11:55.3,EQP_003,SNS_001,LOC_01,,,,226.0411139,56,0,39,372
476,16:55.3,EQP_002,SNS_005,LOC_06,,5.602094838,,,92,0,19,328
477,18:55.3,EQP_002,SNS_003,LOC_05,,5.256499044,,,14,0,81,119
478,26:55.3,EQP_001,SNS_001,LOC_04,,,,217.1198162,98,0,117,102
479,51:55.3,EQP_003,SNS_004,LOC_01,63.3432841,,,,100,0,98,520
480,57:55.3,EQP_003,SNS_008,LOC_05,,5.582364458,,,75,0,73,829
481,46:55.3,EQP_005,SNS_003,LOC_04,,4.732923326,,,29,0,31,406
482,44:55.3,EQP_005,SNS_010,LOC_03,,4.430932466,,,19,0,24,531
483,29:55.3,EQP_001,SNS_002,LOC_01,,,3.174065568,,36,0,114,235
484,28:55.3,EQP_001,SNS_009,LOC_01,,3.744680431,,,2,0,65,614
485,56:55.3,EQP_004,SNS_010,LOC_03,,6.61929233,,,72,0,83,292
486,54:55.3,EQP_005,SNS_005,LOC_03,,2.820065417,,,40,0,29,684
487,33:55.3,EQP_002,SNS_007,LOC_01,,,,197.5923467,38,0,114,514
488,07:55.3,EQP_003,SNS_002,LOC_03,,,2.178031653,,25,0,56,972
489,58:55.3,EQP_001,SNS_009,LOC_02,,4.885113742,,,1,0,96,217
490,53:55.3,EQP_003,SNS_009,LOC_04,,4.42241483,,,,0,62,765
491,01:55.3,EQP_003,SNS_004,LOC_04,86.29473589,,,,22,0,62,308
492,05:55.3,EQP_004,SNS_004,LOC_04,81.8169069,,,,84,0,10,133
493,08:55.3,EQP_005,SNS_006,LOC_02,,,,217.5623223,15,0,11,748
494,46:55.3,EQP_001,SNS_010,LOC_03,,7.06063223,,,8,0,67,417
495,43:55.3,EQP_003,SNS_010,LOC_05,,5.696086569,,,12,0,28,219
496,17:55.3,EQP_001,SNS_010,LOC_03,,4.065251475,,,,0,71,726
497,44:55.3,EQP_002,SNS_006,LOC_01,,,,273.9317311,26,0,87,624
498,10:55.3,EQP_004,SNS_001,LOC_06,,,,222.9331585,50,0,81,680
499,43:55.3,EQP_002,SNS_009,LOC_04,,4.895795006,,,63,0,111,944
500,54:55.3,EQP_001,SNS_002,LOC_03,,,3.777650206,,51,0,21,868
501,22:55.3,EQP_001,SNS_005,LOC_05,,5.339013229,,,80,0,35,188
502,02:55.3,EQP_005,SNS_009,LOC_01,,5.994530993,,,37,0,36,611
503,22:55.3,EQP_003,SNS_004,LOC_02,70.75551297,,,,99,0,38,146
504,47:55.3,EQP_003,SNS_003,LOC_02,,5.339025788,,,64,0,24,871
505,25:55.3,EQP_002,SNS_007,LOC_05,,,,216.8788981,17,0,55,839
506,26:55.3,EQP_004,SNS_006,LOC_01,,,,232.1352897,62,0,10,791
507,43:55.3,EQP_003,SNS_008,LOC_04,,7.077735791,,,50,0,69,621
508,51:55.3,EQP_005,SNS_003,LOC_03,,4.821386454,,,8,0,116,383
509,44:55.3,EQP_002,SNS_005,LOC_01,,6.936623782,,,12,0,101,476
510,20:55.3,EQP_002,SNS_010,LOC_02,,3.72871949,,,39,0,66,737
511,45:55.3,EQP_005,SNS_004,LOC_05,77.61950349,,,,54,0,12,233
512,14:55.3,EQP_004,SNS_004,LOC_05,,,,,78,0,27,766
513,27:55.3,EQP_005,SNS_004,LOC_03,71.48803798,,,,42,0,61,347
514,00:55.3,EQP_004,SNS_010,LOC_05,,6.534180164,,,43,0,69,751
515,49:55.3,EQP_005,SNS_008,LOC_05,,4.000725756,,,67,0,43,417
516,26:55.3,EQP_005,SNS_006,LOC_01,,,,220.4193646,32,0,105,535
517,50:55.3,EQP_001,SNS_003,LOC_04,,3.817710319,,,23,0,102,275
518,24:55.3,EQP_002,SNS_010,LOC_03,,7.084221037,,,35,0,98,934
519,26:55.3,EQP_005,SNS_005,LOC_01,,5.857125931,,,9,0,69,785
520,36:55.3,EQP_005,SNS_006,LOC_04,,,,233.9554375,99,0,35,685
521,30:55.3,EQP_003,SNS_005,LOC_01,,4.968286151,,,19,0,112,450
522,26:55.3,EQP_002,SNS_006,LOC_06,,,,247.3066519,74,0,81,242
523,01:55.3,EQP_003,SNS_008,LOC_01,,5.166256924,,,11,0,28,903
524,07:55.3,EQP_002,SNS_007,LOC_05,,,,228.7777023,61,0,115,497
525,54:55.3,EQP_003,SNS_005,LOC_04,,4.562443952,,,17,0,31,723
526,17:55.3,EQP_005,SNS_010,LOC_03,,4.270009223,,,93,0,102,817
527,26:55.3,EQP_005,SNS_006,LOC_03,,,,231.5452972,100,0,42,742
528,24:55.3,EQP_001,SNS_004,LOC_04,73.09158681,,,,62,0,47,468
529,40:55.3,EQP_003,SNS_009,LOC_05,,4.317766717,,,83,0,118,600
530,06:55.3,EQP_004,SNS_004,LOC_02,79.45086471,,,,24,0,119,721
531,27:55.3,EQP_001,SNS_001,LOC_01,,,,221.4562656,,0,44,469
532,38:55.3,EQP_003,SNS_007,LOC_05,,,,227.9496574,20,0,116,678
533,06:55.3,EQP_003,SNS_007,LOC_06,,,,212.4092051,24,0,76,481
534,47:55.3,EQP_001,SNS_004,LOC_04,86.9513918,,,,10,0,92,185
535,38:55.3,EQP_005,SNS_003,LOC_01,,5.106469696,,,63,1,19,886
536,28:55.3,EQP_003,SNS_008,LOC_03,,6.461297157,,,72,0,100,838
537,05:55.3,EQP_005,SNS_005,LOC_02,,4.168056596,,,49,0,24,559
538,48:55.3,EQP_001,SNS_010,LOC_06,,6.876473653,,,61,0,20,424
539,35:55.3,EQP_005,SNS_007,LOC_03,,,,214.7719647,88,0,99,621
540,52:55.3,EQP_002,SNS_004,LOC_04,65.221628,,,,98,0,33,588
541,52:55.3,EQP_004,SNS_004,LOC_01,68.17609006,,,,95,0,86,496
542,39:55.3,EQP_003,SNS_008,LOC_04,,3.839844986,,,48,0,105,995
543,18:55.3,EQP_004,SNS_008,LOC_01,,4.8565934,,,13,0,110,454
544,50:55.3,EQP_005,SNS_002,LOC_05,,,3.22846321,,0,0,13,387
545,20:55.3,EQP_003,SNS_002,LOC_02,,,2.861404881,,80,0,22,558
546,27:55.3,EQP_005,SNS_003,LOC_05,,5.445442029,,,24,0,82,723
547,34:55.3,EQP_002,SNS_003,LOC_05,,6.067500501,,,58,0,66,635
548,15:55.3,EQP_001,SNS_001,LOC_04,,,,199.0024372,71,0,107,390
549,12:55.3,EQP_003,SNS_003,LOC_02,,6.295270992,,,68,0,46,950
550,28:55.3,EQP_002,SNS_006,LOC_01,,,,231.2770927,4,0,57,937
551,35:55.3,EQP_002,SNS_008,LOC_01,,6.704059317,,,98,0,80,267
552,34:55.3,EQP_003,SNS_010,LOC_06,,5.646177647,,,,0,10,720
553,20:55.3,EQP_005,SNS_006,LOC_03,,,,194.6157339,22,0,69,527
554,14:55.3,EQP_002,SNS_005,LOC_06,,,,,8,0,21,801
555,17:55.3,EQP_004,SNS_004,LOC_06,68.43804045,,,,93,0,30,589
556,53:55.3,EQP_002,SNS_003,LOC_01,,4.985123348,,,49,0,20,454
557,28:55.3,EQP_005,SNS_004,LOC_04,74.30421791,,,,15,0,53,295
558,25:55.3,EQP_005,SNS_007,LOC_05,,,,210.0081946,32,0,67,644
559,16:55.3,EQP_004,SNS_001,LOC_05,,,,202.0107048,1,0,117,816
560,29:55.3,EQP_002,SNS_007,LOC_05,,,,205.9594106,13,0,53,923
561,46:55.3,EQP_005,SNS_001,LOC_02,,,,201.2258452,0,0,87,793
562,16:55.3,EQP_003,SNS_002,LOC_01,,,2.953304625,,89,0,107,758
563,24:55.3,EQP_001,SNS_004,LOC_04,94.39192569,,,,57,0,43,879
564,50:55.3,EQP_001,SNS_001,LOC_02,,,,236.7991753,88,0,34,110
565,08:55.3,EQP_001,SNS_009,LOC_03,,5.211606115,,,15,0,13,681
566,05:55.3,EQP_002,SNS_006,LOC_04,,,,198.4344398,78,0,73,355
567,32:55.3,EQP_004,SNS_001,LOC_06,,,,211.3959886,89,0,99,495
568,15:55.3,EQP_005,SNS_001,LOC_04,,,,185.5576988,46,0,25,830
569,50:55.3,EQP_003,SNS_006,LOC_04,,,,232.2356686,43,0,19,908
570,45:55.3,EQP_003,SNS_004,LOC_05,77.21491623,,,,79,0,118,508
571,09:55.3,EQP_002,SNS_004,LOC_04,,,,,13,0,75,461
572,51:55.3,EQP_001,SNS_006,LOC_06,,,,217.0788155,92,0,44,358
573,50:55.3,EQP_002,SNS_007,LOC_06,,,,227.9255667,23,0,92,102
574,46:55.3,EQP_004,SNS_009,LOC_01,,2.020127464,,,54,0,15,183
575,09:55.3,EQP_004,SNS_010,LOC_04,,6.337984979,,,14,1,28,255
576,05:55.3,EQP_005,SNS_005,LOC_05,,5.196457961,,,82,0,68,762
577,11:55.3,EQP_005,SNS_009,LOC_04,,7.316003534,,,71,0,62,275
578,13:55.3,EQP_004,SNS_004,LOC_03,72.81345589,,,,33,0,17,806
579,26:55.3,EQP_004,SNS_010,LOC_03,,4.850649553,,,1,0,87,571
580,17:55.3,EQP_004,SNS_002,LOC_05,,,3.449983346,,26,0,19,718
581,48:55.3,EQP_002,SNS_003,LOC_01,,6.881355287,,,73,0,76,523
582,29:55.3,EQP_004,SNS_001,LOC_01,,,,199.2856887,98,0,47,233
583,45:55.3,EQP_003,SNS_006,LOC_06,,,,229.0039507,86,0,38,887
584,34:55.3,EQP_001,SNS_006,LOC_06,,,,240.9960632,71,0,24,963
585,14:55.3,EQP_004,SNS_001,LOC_02,,,,207.4627044,91,0,96,479
586,24:55.3,EQP_001,SNS_003,LOC_05,,6.185690065,,,22,0,32,766
587,54:55.3,EQP_002,SNS_005,LOC_04,,6.441737901,,,67,0,91,376
588,17:55.3,EQP_001,SNS_003,LOC_05,,6.245826218,,,13,0,55,335
589,43:55.3,EQP_002,SNS_010,LOC_02,,5.100811383,,,62,0,92,851
590,32:55.3,EQP_003,SNS_003,LOC_06,,6.812437169,,,92,0,37,981
591,32:55.3,EQP_002,SNS_010,LOC_05,,5.350687212,,,,0,35,112
592,26:55.3,EQP_002,SNS_003,LOC_05,,4.817167165,,,67,0,19,441
593,58:55.3,EQP_005,SNS_005,LOC_06,,4.834794439,,,62,0,56,134
594,47:55.3,EQP_004,SNS_005,LOC_02,,7.82798607,,,95,0,13,658
595,49:55.3,EQP_004,SNS_004,LOC_06,68.60008183,,,,96,0,64,313
596,47:55.3,EQP_003,SNS_001,LOC_01,,,,185.3921617,89,0,75,511
597,04:55.3,EQP_003,SNS_005,LOC_04,,4.137439965,,,80,0,76,504
598,38:55.3,EQP_004,SNS_010,LOC_06,,6.085486534,,,86,0,16,593
599,27:55.3,EQP_005,SNS_005,LOC_02,,5.856500142,,,63,0,64,757
600,57:55.3,EQP_004,SNS_004,LOC_03,62.95306717,,,,31,0,89,258
601,16:55.3,EQP_005,SNS_006,LOC_01,,,,228.0752677,78,0,40,736
602,32:55.3,EQP_003,SNS_010,LOC_03,,4.383202938,,,12,0,83,209
603,09:55.3,EQP_001,SNS_004,LOC_06,81.95020695,,,,65,0,28,648
604,24:55.3,EQP_003,SNS_007,LOC_01,,,,220.1739404,18,0,37,888
605,53:55.3,EQP_003,SNS_007,LOC_04,,,,203.5977435,23,0,90,625
606,10:55.3,EQP_002,SNS_002,LOC_06,,,3.351718593,,,0,37,446
607,10:55.3,EQP_002,SNS_003,LOC_04,,5.571721405,,,10,0,28,843
608,29:55.3,EQP_002,SNS_001,LOC_05,,,,232.1580903,58,0,110,927
609,19:55.3,EQP_002,SNS_008,LOC_03,,4.283432881,,,85,0,96,735
610,01:55.3,EQP_005,SNS_009,LOC_01,,6.517518608,,,14,0,29,378
611,07:55.3,EQP_004,SNS_004,LOC_04,,,,,9,0,22,578
612,27:55.3,EQP_001,SNS_006,LOC_02,,,,244.1735268,40,0,86,210
613,14:55.3,EQP_003,SNS_009,LOC_04,,6.403218778,,,26,0,52,735
614,08:55.3,EQP_005,SNS_006,LOC_02,,,,210.7790987,59,0,20,530
615,58:55.3,EQP_001,SNS_009,LOC_06,,5.717815998,,,72,0,57,641
616,58:55.3,EQP_005,SNS_004,LOC_01,67.00651547,,,,51,0,24,214
617,36:55.3,EQP_005,SNS_008,LOC_04,,6.068720919,,,27,0,26,189
618,15:55.3,EQP_003,SNS_009,LOC_04,,4.635248731,,,64,0,63,311
619,53:55.3,EQP_004,SNS_004,LOC_01,70.31566152,,,,16,0,59,649
620,38:55.3,EQP_002,SNS_005,LOC_04,,6.290071014,,,94,1,37,694
621,48:55.3,EQP_004,SNS_008,LOC_02,,3.2674624,,,43,0,92,638
622,50:55.3,EQP_003,SNS_010,LOC_04,,6.537092338,,,9,0,13,828
623,10:55.3,EQP_003,SNS_006,LOC_03,,,,215.4735162,62,0,31,459
624,19:55.3,EQP_003,SNS_007,LOC_06,,,,224.6861952,100,0,95,585
625,34:55.3,EQP_001,SNS_003,LOC_05,,6.709604805,,,92,0,110,471
626,29:55.3,EQP_004,SNS_007,LOC_02,,,,226.025125,81,0,48,314
627,02:55.3,EQP_004,SNS_008,LOC_03,,3.525288863,,,46,0,43,832
628,49:55.3,EQP_005,SNS_010,LOC_06,,7.30665423,,,37,0,106,114
629,05:55.3,EQP_005,SNS_006,LOC_01,,,,205.6048706,69,0,53,358
630,38:55.3,EQP_005,SNS_010,LOC_02,,5.395292784,,,75,0,51,877
631,51:55.3,EQP_003,SNS_009,LOC_05,,6.524105742,,,52,0,49,562
632,10:55.3,EQP_004,SNS_006,LOC_06,,,,234.7136875,,0,106,219
633,28:55.3,EQP_003,SNS_009,LOC_05,,5.616364212,,,43,0,21,227
634,30:55.3,EQP_001,SNS_004,LOC_01,81.9901362,,,,73,0,11,822
635,43:55.3,EQP_005,SNS_008,LOC_01,,5.105267098,,,53,0,37,622
636,17:55.3,EQP_003,SNS_004,LOC_02,63.82581826,,,,19,0,83,787
637,26:55.3,EQP_003,SNS_002,LOC_04,,,3.10806535,,78,0,95,744
638,40:55.3,EQP_001,SNS_010,LOC_01,,5.198103003,,,30,0,90,424
639,19:55.3,EQP_002,SNS_009,LOC_06,,5.877375367,,,6,0,99,419
640,10:55.3,EQP_004,SNS_005,LOC_04,,7.70572085,,,57,1,76,605
641,12:55.3,EQP_002,SNS_004,LOC_03,63.95588722,,,,9,0,80,625
642,17:55.3,EQP_005,SNS_002,LOC_05,,,2.902942185,,9,0,117,149
643,16:55.3,EQP_003,SNS_001,LOC_04,,,,237.6354037,38,0,81,683
644,06:55.3,EQP_001,SNS_007,LOC_05,,,,250.493851,27,0,93,168
645,54:55.3,EQP_001,SNS_006,LOC_04,,,,237.966872,29,0,85,490
646,36:55.3,EQP_004,SNS_002,LOC_03,,,3.79966839,,36,0,108,482
647,04:55.3,EQP_002,SNS_008,LOC_01,,6.206383215,,,66,0,90,115
648,46:55.3,EQP_004,SNS_004,LOC_03,92.12667713,,,,42,0,101,538
649,40:55.3,EQP_003,SNS_008,LOC_01,,5.899888044,,,78,0,114,945
650,07:55.3,EQP_004,SNS_007,LOC_01,,,,213.6024142,84,0,19,968
651,12:55.3,EQP_001,SNS_005,LOC_05,,3.472651194,,,51,0,95,667
652,52:55.3,EQP_001,SNS_010,LOC_06,,5.73198439,,,100,0,111,716
653,47:55.3,EQP_005,SNS_010,LOC_03,,5.059515513,,,55,0,66,231
654,29:55.3,EQP_005,SNS_008,LOC_04,,4.654213395,,,75,0,106,659
655,47:55.3,EQP_003,SNS_009,LOC_03,,8.481963944,,,67,0,95,347
656,59:55.3,EQP_002,SNS_005,LOC_05,,7.003138864,,,8,0,117,372
657,55:55.3,EQP_004,SNS_010,LOC_01,,4.119793528,,,91,0,46,722
658,05:55.3,EQP_003,SNS_005,LOC_05,,5.915963436,,,22,0,86,937
659,51:55.3,EQP_005,SNS_002,LOC_02,,,3.439720846,,62,0,100,947
660,11:55.3,EQP_004,SNS_005,LOC_02,,3.704561015,,,60,0,73,448
661,55:55.3,EQP_005,SNS_003,LOC_04,,5.59237977,,,39,0,88,583
662,50:55.3,EQP_004,SNS_007,LOC_05,,,,234.4255266,43,0,95,649
663,51:55.3,EQP_002,SNS_010,LOC_04,,3.970608541,,,85,0,103,456
664,57:55.3,EQP_003,SNS_005,LOC_04,,5.955460366,,,23,0,116,851
665,11:55.3,EQP_004,SNS_008,LOC_02,,6.839495669,,,50,0,49,417
666,47:55.3,EQP_001,SNS_001,LOC_04,,,,219.4126653,57,0,110,732
667,33:55.3,EQP_001,SNS_003,LOC_02,,5.200763078,,,89,0,107,147
668,25:55.3,EQP_004,SNS_003,LOC_01,,8.501974042,,,93,0,117,109
669,43:55.3,EQP_004,SNS_009,LOC_05,,3.030439896,,,32,0,69,332
670,01:55.3,EQP_004,SNS_005,LOC_04,,5.927460052,,,15,0,107,135
671,03:55.3,EQP_001,SNS_009,LOC_02,,3.805246816,,,21,0,57,512
672,51:55.3,EQP_001,SNS_009,LOC_03,,5.608219165,,,56,0,108,561
673,34:55.3,EQP_004,SNS_001,LOC_04,,,,213.4211233,61,0,115,103
674,22:55.3,EQP_005,SNS_002,LOC_06,,,1.785275594,,81,0,28,143
675,43:55.3,EQP_005,SNS_005,LOC_01,,5.347743143,,,70,0,81,667
676,41:55.3,EQP_002,SNS_004,LOC_01,80.82244478,,,,89,0,112,653
677,04:55.3,EQP_003,SNS_010,LOC_03,,4.587650863,,,71,0,42,354
678,34:55.3,EQP_005,SNS_009,LOC_02,,7.818951397,,,69,0,53,839
679,38:55.3,EQP_001,SNS_007,LOC_04,,,,210.6476257,29,0,101,213
680,34:55.3,EQP_005,SNS_006,LOC_02,,,,212.4414722,22,0,46,848
681,22:55.3,EQP_002,SNS_007,LOC_01,,,,222.6556977,31,0,98,496
682,51:55.3,EQP_002,SNS_001,LOC_02,,,,205.4371881,85,0,45,273
683,31:55.3,EQP_003,SNS_001,LOC_01,,,,206.4165659,56,0,90,354
684,38:55.3,EQP_005,SNS_008,LOC_02,,6.483865785,,,8,0,97,565
685,54:55.3,EQP_001,SNS_002,LOC_03,,,2.736766491,,30,0,30,376
686,46:55.3,EQP_001,SNS_010,LOC_05,,4.469424726,,,70,0,11,563
687,33:55.3,EQP_004,SNS_009,LOC_03,,5.464310015,,,unknown,0,40,946
688,20:55.3,EQP_001,SNS_007,LOC_03,,,,217.8205156,12,0,117,601
689,47:55.3,EQP_003,SNS_006,LOC_05,,,,225.4893832,57,0,106,540
690,14:55.3,EQP_003,SNS_001,LOC_05,,,,191.4484158,2,0,39,168
691,33:55.3,EQP_001,SNS_001,LOC_04,,,,201.4368512,34,0,85,608
692,53:55.3,EQP_001,SNS_002,LOC_04,,,3.032396373,,96,0,53,425
693,19:55.3,EQP_004,SNS_006,LOC_03,,,,203.0952564,20,0,21,841
694,45:55.3,EQP_001,SNS_006,LOC_03,,,,228.9443738,63,0,60,166
695,57:55.3,EQP_004,SNS_002,LOC_01,,,2.865624143,,94,0,58,403
696,48:55.3,EQP_004,SNS_001,LOC_01,,,,192.7862723,51,0,33,583
697,26:55.3,EQP_001,SNS_010,LOC_04,,5.380036264,,,33,0,33,647
698,54:55.3,EQP_002,SNS_005,LOC_06,,3.585235887,,,95,0,69,516
699,00:55.3,EQP_002,SNS_005,LOC_06,,4.58749816,,,34,0,20,258
700,07:55.3,EQP_004,SNS_002,LOC_04,,,4.091227108,,14,0,22,248
701,49:55.3,EQP_001,SNS_006,LOC_01,,,,227.7627127,95,0,100,126
702,54:55.3,EQP_002,SNS_009,LOC_01,,4.768119085,,,5,0,81,683
703,37:55.3,EQP_001,SNS_002,LOC_06,,,2.84654761,,84,0,83,347
704,19:55.3,EQP_001,SNS_010,LOC_02,,5.534548976,,,96,0,81,200
705,00:55.3,EQP_001,SNS_002,LOC_02,,,3.113834922,,31,0,73,801
706,06:55.3,EQP_005,SNS_003,LOC_01,,4.690971328,,,51,0,29,195
707,50:55.3,EQP_001,SNS_007,LOC_02,,,,208.048771,82,0,81,483
708,17:55.3,EQP_005,SNS_006,LOC_05,,,,215.6112674,96,0,82,381
709,00:55.3,EQP_004,SNS_008,LOC_04,,4.874963602,,,27,1,80,421
710,22:55.3,EQP_002,SNS_008,LOC_04,,3.603099019,,,94,1,87,495
711,16:55.3,EQP_002,SNS_006,LOC_01,,,,216.0921392,84,0,37,377
712,48:55.3,EQP_002,SNS_010,LOC_03,,4.837530398,,,97,0,11,628
713,34:55.3,EQP_002,SNS_003,LOC_06,,7.521495695,,,63,0,52,362
714,18:55.3,EQP_002,SNS_003,LOC_01,,7.71267843,,,78,0,17,718
715,20:55.3,EQP_002,SNS_001,LOC_02,,,,218.7582666,77,0,22,679
716,32:55.3,EQP_002,SNS_007,LOC_06,,,,203.5090385,18,0,94,739
717,38:55.3,EQP_004,SNS_005,LOC_03,,5.168416438,,,14,0,101,392
718,18:55.3,EQP_001,SNS_004,LOC_02,79.99085565,,,,5,0,44,393
719,20:55.3,EQP_003,SNS_010,LOC_05,,5.760899891,,,72,0,32,707
720,25:55.3,EQP_005,SNS_004,LOC_02,67.93439421,,,,100,0,55,494
721,07:55.3,EQP_003,SNS_004,LOC_05,77.66672764,,,,83,0,24,612
722,14:55.3,EQP_003,SNS_006,LOC_06,,,,211.1547424,97,1,11,909
723,12:55.3,EQP_001,SNS_008,LOC_05,,4.222934188,,,37,0,70,279
724,36:55.3,EQP_001,SNS_008,LOC_06,,6.694253467,,,25,0,85,792
725,26:55.3,EQP_001,SNS_005,LOC_06,,4.625617103,,,81,0,73,334
726,46:55.3,EQP_002,SNS_006,LOC_06,,,,200.4479115,91,0,61,930
727,09:55.3,EQP_004,SNS_004,LOC_06,53.14703153,,,,50,0,45,436
728,40:55.3,EQP_002,SNS_009,LOC_06,,5.364303597,,,72,0,76,107
729,34:55.3,EQP_004,SNS_008,LOC_02,,4.343699867,,,95,0,78,542
730,34:55.3,EQP_004,SNS_010,LOC_06,,4.114160824,,,52,0,76,638
731,41:55.3,EQP_003,SNS_010,LOC_02,,6.548354202,,,55,0,56,919
732,26:55.3,EQP_003,SNS_001,LOC_06,,,,199.8580353,58,0,92,757
733,02:55.3,EQP_004,SNS_002,LOC_05,,,3.206990908,,69,0,11,190
734,12:55.3,EQP_004,SNS_009,LOC_06,,8.145074763,,,77,1,53,953
735,38:55.3,EQP_002,SNS_008,LOC_03,,4.575540474,,,91,0,110,371
736,06:55.3,EQP_002,SNS_003,LOC_06,,4.023834107,,,57,0,73,933
737,34:55.3,EQP_003,SNS_008,LOC_06,,5.731072281,,,87,0,90,104
738,22:55.3,EQP_001,SNS_001,LOC_05,,,,230.2269672,,0,87,693
739,55:55.3,EQP_004,SNS_010,LOC_04,,4.371447652,,,42,0,37,998
740,29:55.3,EQP_002,SNS_004,LOC_05,68.2061543,,,,75,0,100,318
741,11:55.3,EQP_003,SNS_003,LOC_03,,7.144052393,,,50,0,63,217
742,28:55.3,EQP_002,SNS_006,LOC_04,,,,204.621816,18,0,83,692
743,47:55.3,EQP_004,SNS_007,LOC_01,,,,253.8463129,20,0,76,681
744,29:55.3,EQP_004,SNS_004,LOC_01,72.07744785,,,,90,0,45,214
745,53:55.3,EQP_005,SNS_007,LOC_03,,,,210.9397207,82,0,111,362
746,49:55.3,EQP_001,SNS_009,LOC_05,,6.351741149,,,,0,72,405
747,45:55.3,EQP_005,SNS_002,LOC_02,,,2.763102689,,25,0,34,753
748,05:55.3,EQP_003,SNS_003,LOC_03,,4.287733117,,,44,0,95,521
749,12:55.3,EQP_002,SNS_005,LOC_04,,4.898504634,,,,0,57,306
750,53:55.3,EQP_003,SNS_003,LOC_04,,7.211911576,,,81,0,48,722
751,35:55.3,EQP_004,SNS_008,LOC_06,,5.894719473,,,99,0,56,402
752,05:55.3,EQP_005,SNS_010,LOC_01,,6.508382953,,,28,0,103,211
753,07:55.3,EQP_005,SNS_008,LOC_04,,5.800354372,,,16,0,30,516
754,34:55.3,EQP_005,SNS_008,LOC_03,,6.470939282,,,67,0,39,654
755,33:55.3,EQP_003,SNS_009,LOC_04,,5.024624692,,,43,0,101,958
756,20:55.3,EQP_004,SNS_004,LOC_03,78.50942505,,,,60,1,40,384
757,22:55.3,EQP_002,SNS_005,LOC_02,,6.416437259,,,92,0,35,739
758,39:55.3,EQP_002,SNS_005,LOC_06,,6.852848813,,,67,0,116,284
759,16:55.3,EQP_003,SNS_008,LOC_01,,4.402862427,,,73,0,31,840
760,56:55.3,EQP_005,SNS_007,LOC_04,,,,218.7218927,24,0,30,320
761,44:55.3,EQP_001,SNS_009,LOC_03,,,,,94,0,10,963
762,32:55.3,EQP_003,SNS_008,LOC_05,,7.443789526,,,66,0,46,543
763,10:55.3,EQP_003,SNS_002,LOC_01,,,3.264730968,,1,1,86,216
764,50:55.3,EQP_004,SNS_010,LOC_02,,3.911095804,,,88,0,94,169
765,25:55.3,EQP_002,SNS_004,LOC_03,82.32234507,,,,unknown,0,55,997
766,48:55.3,EQP_003,SNS_006,LOC_06,,,,215.7935425,,0,18,169
767,48:55.3,EQP_003,SNS_002,LOC_06,,,2.564810264,,25,0,26,721
768,20:55.3,EQP_005,SNS_007,LOC_02,,,,230.5326021,71,0,56,526
769,19:55.3,EQP_005,SNS_003,LOC_02,,5.151955072,,,98,0,94,743
770,45:55.3,EQP_001,SNS_003,LOC_06,,5.066040972,,,26,0,104,667
771,37:55.3,EQP_004,SNS_002,LOC_04,,,3.271474805,,88,1,112,542
772,53:55.3,EQP_001,SNS_008,LOC_04,,7.265672258,,,17,0,68,700
773,25:55.3,EQP_005,SNS_006,LOC_03,,,,219.8034178,53,0,63,236
774,45:55.3,EQP_002,SNS_001,LOC_05,,,,234.6238184,0,0,95,603
775,24:55.3,EQP_005,SNS_001,LOC_03,,,,224.3735135,60,0,21,230
776,44:55.3,EQP_004,SNS_007,LOC_05,,,,227.4787918,2,0,73,317
777,48:55.3,EQP_005,SNS_008,LOC_02,,5.595405679,,,67,0,15,787
778,36:55.3,EQP_004,SNS_005,LOC_01,,5.578420715,,,40,0,62,270
779,51:55.3,EQP_004,SNS_005,LOC_03,,5.595707832,,,36,0,25,574
780,54:55.3,EQP_004,SNS_004,LOC_03,70.25654558,,,,50,0,99,711
781,17:55.3,EQP_004,SNS_006,LOC_05,,,,214.888313,14,0,14,228
782,39:55.3,EQP_004,SNS_006,LOC_02,,,,216.9476308,7,1,82,156
783,24:55.3,EQP_002,SNS_003,LOC_02,,5.284220042,,,37,0,55,280
784,03:55.3,EQP_001,SNS_009,LOC_05,,5.694138295,,,82,0,113,345
785,01:55.3,EQP_003,SNS_007,LOC_02,,,,229.7302653,55,0,23,243
786,24:55.3,EQP_001,SNS_001,LOC_06,,,,252.2719987,46,0,53,150
787,13:55.3,EQP_004,SNS_007,LOC_04,,,,231.8926441,89,0,72,467
788,42:55.3,EQP_002,SNS_005,LOC_06,,5.291019268,,,9,0,115,558
789,50:55.3,EQP_005,SNS_005,LOC_01,,4.406397636,,,77,0,103,317
790,46:55.3,EQP_002,SNS_002,LOC_03,,,2.987948092,,48,0,61,715
791,03:55.3,EQP_004,SNS_004,LOC_01,71.72176474,,,,40,0,35,994
792,45:55.3,EQP_002,SNS_006,LOC_03,,,,202.6487848,82,0,62,666
793,59:55.3,EQP_002,SNS_010,LOC_04,,6.279237621,,,29,0,118,356
794,18:55.3,EQP_004,SNS_007,LOC_02,,,,222.3558264,4,0,38,957
795,29:55.3,EQP_002,SNS_005,LOC_06,,5.30613282,,,94,0,28,255
796,58:55.3,EQP_003,SNS_009,LOC_05,,4.750148299,,,70,0,56,664
797,39:55.3,EQP_003,SNS_003,LOC_06,,4.323511108,,,82,0,17,541
798,54:55.3,EQP_002,SNS_001,LOC_04,,,,204.6354519,30,0,32,940
799,57:55.3,EQP_005,SNS_004,LOC_01,71.26337922,,,,51,0,115,798
800,10:55.3,EQP_004,SNS_009,LOC_05,,4.908226173,,,87,0,44,975
801,38:55.3,EQP_003,SNS_004,LOC_02,69.06096828,,,,97,0,104,761
802,57:55.3,EQP_005,SNS_002,LOC_04,,,3.148665696,,22,1,62,875
803,20:55.3,EQP_002,SNS_010,LOC_05,,4.68851055,,,47,0,108,861
804,12:55.3,EQP_005,SNS_005,LOC_04,,4.186762243,,,39,0,105,909
805,22:55.3,EQP_001,SNS_003,LOC_04,,4.794214772,,,5,0,67,822
806,56:55.3,EQP_003,SNS_009,LOC_02,,7.201886539,,,37,0,14,124
807,55:55.3,EQP_002,SNS_004,LOC_03,73.17581864,,,,40,1,25,905
808,28:55.3,EQP_004,SNS_006,LOC_05,,,,224.393752,99,0,26,952
809,45:55.3,EQP_002,SNS_002,LOC_02,,,3.228801113,,26,0,41,763
810,03:55.3,EQP_004,SNS_006,LOC_04,,,,223.3448725,74,0,111,635
811,03:55.3,EQP_002,SNS_003,LOC_02,,5.325698447,,,68,0,105,863
812,03:55.3,EQP_005,SNS_009,LOC_03,,5.115328501,,,56,0,61,159
813,22:55.3,EQP_005,SNS_002,LOC_06,,,3.441662414,,16,0,29,566
814,44:55.3,EQP_005,SNS_009,LOC_05,,5.381928421,,,70,1,75,533
815,44:55.3,EQP_001,SNS_005,LOC_03,,4.110056804,,,90,0,93,978
816,56:55.3,EQP_004,SNS_008,LOC_01,,3.48210748,,,46,0,91,165
817,30:55.3,EQP_005,SNS_002,LOC_05,,,,,78,0,10,664
818,51:55.3,EQP_001,SNS_006,LOC_03,,,,183.1905769,12,0,67,205
819,02:55.3,EQP_004,SNS_003,LOC_04,,7.521218219,,,10,0,102,195
820,29:55.3,EQP_002,SNS_010,LOC_05,,6.700026058,,,89,0,102,787
821,08:55.3,EQP_001,SNS_005,LOC_05,,7.536918618,,,85,0,92,650
822,16:55.3,EQP_003,SNS_008,LOC_02,,4.682940515,,,91,0,53,267
823,54:55.3,EQP_001,SNS_010,LOC_04,,5.663365288,,,23,0,113,141
824,59:55.3,EQP_001,SNS_001,LOC_01,,,,241.8349403,92,0,15,978
825,41:55.3,EQP_004,SNS_005,LOC_06,,5.161837143,,,72,0,117,203
826,09:55.3,EQP_002,SNS_003,LOC_03,,5.618198018,,,3,0,112,944
827,14:55.3,EQP_003,SNS_004,LOC_02,81.35661597,,,,,0,59,303
828,05:55.3,EQP_005,SNS_002,LOC_03,,,3.974670463,,17,0,119,619
829,18:55.3,EQP_005,SNS_009,LOC_01,,5.579911086,,,42,0,81,381
830,10:55.3,EQP_001,SNS_003,LOC_01,,2.244108839,,,79,1,97,142
831,19:55.3,EQP_004,SNS_002,LOC_05,,,3.037418634,,32,0,29,209
832,17:55.3,EQP_004,SNS_010,LOC_01,,6.08012787,,,92,0,23,309
833,13:55.3,EQP_005,SNS_009,LOC_03,,7.105630483,,,9,0,14,848
834,57:55.3,EQP_003,SNS_007,LOC_04,,,,234.5860128,72,0,50,967
835,41:55.3,EQP_002,SNS_006,LOC_04,,,,199.2984317,58,0,49,930
836,46:55.3,EQP_003,SNS_001,LOC_05,,,,196.1512706,30,0,43,148
837,49:55.3,EQP_002,SNS_005,LOC_06,,,,,27,0,89,214
838,54:55.3,EQP_005,SNS_003,LOC_03,,4.882061763,,,59,0,54,254
839,16:55.3,EQP_002,SNS_001,LOC_03,,,,245.4766142,2,0,80,748
840,58:55.3,EQP_004,SNS_004,LOC_01,63.13930769,,,,54,0,89,602
841,29:55.3,EQP_001,SNS_002,LOC_03,,,3.460250942,,13,0,80,778
842,04:55.3,EQP_001,SNS_002,LOC_02,,,3.413051565,,57,0,36,932
843,03:55.3,EQP_005,SNS_003,LOC_06,,5.20022812,,,88,0,87,810
844,13:55.3,EQP_004,SNS_008,LOC_01,,5.882556029,,,14,0,87,170
845,16:55.3,EQP_003,SNS_008,LOC_02,,5.76770947,,,1,0,53,618
846,12:55.3,EQP_004,SNS_007,LOC_05,,,,263.9720348,23,0,42,811
847,15:55.3,EQP_001,SNS_006,LOC_04,,,,219.2415308,77,0,42,435
848,26:55.3,EQP_001,SNS_009,LOC_05,,5.634785399,,,63,0,53,166
849,33:55.3,EQP_004,SNS_004,LOC_04,90.67796131,,,,70,0,29,592
850,39:55.3,EQP_004,SNS_001,LOC_05,,,,224.4344266,99,0,45,749
851,42:55.3,EQP_001,SNS_008,LOC_03,,4.358476728,,,23,0,16,853
852,55:55.3,EQP_003,SNS_007,LOC_02,,,,232.4791315,26,0,41,312
853,38:55.3,EQP_005,SNS_007,LOC_04,,,,234.1233267,36,1,76,280
854,46:55.3,EQP_005,SNS_003,LOC_01,,4.634739965,,,93,0,48,865
855,04:55.3,EQP_004,SNS_004,LOC_02,71.87483839,,,,90,0,102,712
856,00:55.3,EQP_005,SNS_010,LOC_01,,7.309896884,,,38,0,33,962
857,24:55.3,EQP_001,SNS_009,LOC_02,,4.783162281,,,62,0,95,698
858,07:55.3,EQP_001,SNS_006,LOC_02,,,,240.7115411,78,0,79,796
859,57:55.3,EQP_004,SNS_005,LOC_05,,6.051736701,,,25,0,97,702
860,17:55.3,EQP_004,SNS_003,LOC_04,,5.290215563,,,64,0,113,347
861,09:55.3,EQP_004,SNS_009,LOC_04,,3.90497784,,,3,0,96,313
862,35:55.3,EQP_003,SNS_005,LOC_02,,5.426573875,,,28,0,63,458
863,45:55.3,EQP_005,SNS_005,LOC_03,,5.381330281,,,0,0,47,348
864,23:55.3,EQP_004,SNS_004,LOC_03,86.82352844,,,,49,0,83,737
865,33:55.3,EQP_002,SNS_004,LOC_01,,,,,85,0,89,980
866,58:55.3,EQP_002,SNS_001,LOC_01,,,,192.6156656,10,0,84,615
867,57:55.3,EQP_001,SNS_007,LOC_05,,,,236.6950644,73,0,41,187
868,17:55.3,EQP_005,SNS_009,LOC_02,,4.170469995,,,58,0,54,762
869,24:55.3,EQP_004,SNS_003,LOC_01,,3.929466026,,,61,0,70,275
870,47:55.3,EQP_002,SNS_002,LOC_01,,,3.525111197,,80,0,79,822
871,20:55.3,EQP_005,SNS_003,LOC_06,,5.308100773,,,35,0,97,525
872,52:55.3,EQP_001,SNS_001,LOC_02,,,,215.1459325,55,0,106,870
873,56:55.3,EQP_003,SNS_006,LOC_05,,,,222.1582109,89,0,62,702
874,44:55.3,EQP_005,SNS_007,LOC_01,,,,229.4937128,20,0,60,870
875,33:55.3,EQP_005,SNS_002,LOC_05,,,,,12,0,85,802
876,00:55.3,EQP_003,SNS_008,LOC_04,,5.193471743,,,8,0,65,180
877,25:55.3,EQP_005,SNS_006,LOC_05,,,,202.7741539,10,0,36,237
878,37:55.3,EQP_001,SNS_004,LOC_03,92.66655489,,,,74,0,47,532
879,44:55.3,EQP_001,SNS_005,LOC_03,,,,,69,0,71,569
880,44:55.3,EQP_003,SNS_008,LOC_05,,5.719035136,,,0,0,27,449
881,47:55.3,EQP_004,SNS_003,LOC_03,,5.51305451,,,69,0,118,225
882,58:55.3,EQP_002,SNS_003,LOC_04,,6.173280501,,,76,0,112,980
883,35:55.3,EQP_004,SNS_004,LOC_02,84.28045071,,,,85,0,73,967
884,09:55.3,EQP_005,SNS_001,LOC_03,,,,247.0563016,55,0,86,408
885,20:55.3,EQP_002,SNS_009,LOC_03,,3.52376337,,,30,0,113,954
886,26:55.3,EQP_003,SNS_008,LOC_05,,,,,85,0,39,329
887,08:55.3,EQP_003,SNS_008,LOC_04,,4.689023235,,,36,0,58,559
888,37:55.3,EQP_002,SNS_010,LOC_02,,3.614106306,,,46,0,50,444
889,57:55.3,EQP_001,SNS_006,LOC_05,,,,214.5883051,90,0,22,409
890,31:55.3,EQP_002,SNS_007,LOC_05,,,,208.1918569,77,0,43,119
891,06:55.3,EQP_005,SNS_006,LOC_06,,,,217.8675744,46,0,109,980
892,38:55.3,EQP_001,SNS_009,LOC_04,,4.092212129,,,68,0,103,660
893,27:55.3,EQP_003,SNS_003,LOC_02,,3.454157678,,,57,0,34,746
894,38:55.3,EQP_002,SNS_003,LOC_04,,5.588719344,,,35,0,75,640
895,25:55.3,EQP_004,SNS_003,LOC_02,,4.803078272,,,31,0,109,659
896,56:55.3,EQP_004,SNS_010,LOC_04,,5.190303148,,,97,0,27,576
897,10:55.3,EQP_005,SNS_003,LOC_05,,,,,63,0,14,368
898,14:55.3,EQP_004,SNS_009,LOC_05,,6.016078825,,,70,0,28,102
899,33:55.3,EQP_002,SNS_004,LOC_01,,,,,41,0,51,869
900,12:55.3,EQP_002,SNS_007,LOC_03,,,,246.1364188,47,0,27,115
901,15:55.3,EQP_004,SNS_009,LOC_06,,5.11544494,,,73,0,41,705
902,12:55.3,EQP_002,SNS_007,LOC_04,,,,222.9249834,80,0,30,457
903,29:55.3,EQP_005,SNS_009,LOC_06,,5.092915639,,,29,0,19,745
904,40:55.3,EQP_001,SNS_003,LOC_01,,3.528935976,,,20,0,46,912
905,50:55.3,EQP_005,SNS_004,LOC_03,66.91781591,,,,59,0,58,938
906,35:55.3,EQP_005,SNS_008,LOC_04,,6.584126635,,,12,0,95,232
907,08:55.3,EQP_002,SNS_006,LOC_02,,,,208.1644449,0,0,22,411
908,58:55.3,EQP_001,SNS_005,LOC_03,,8.236599168,,,64,0,64,581
909,50:55.3,EQP_002,SNS_004,LOC_05,72.13831363,,,,,0,26,994
910,31:55.3,EQP_003,SNS_008,LOC_01,,5.097520096,,,37,0,18,643
911,17:55.3,EQP_002,SNS_001,LOC_03,,,,229.770998,24,0,97,404
912,39:55.3,EQP_002,SNS_009,LOC_03,,5.451339261,,,25,0,53,368
913,48:55.3,EQP_002,SNS_001,LOC_05,,,,223.470382,76,0,87,513
914,26:55.3,EQP_001,SNS_008,LOC_04,,3.674644058,,,58,0,55,124
915,42:55.3,EQP_002,SNS_004,LOC_02,73.14382532,,,,91,0,17,415
916,10:55.3,EQP_001,SNS_009,LOC_05,,7.81832845,,,32,0,46,670
917,01:55.3,EQP_004,SNS_005,LOC_02,,7.043950972,,,100,0,28,824
918,26:55.3,EQP_003,SNS_003,LOC_04,,4.768018454,,,40,0,72,767
919,39:55.3,EQP_001,SNS_009,LOC_03,,5.02442036,,,29,0,101,925
920,27:55.3,EQP_004,SNS_009,LOC_02,,4.142919649,,,56,0,55,375
921,09:55.3,EQP_001,SNS_004,LOC_01,69.54157414,,,,48,1,114,488
922,00:55.3,EQP_001,SNS_004,LOC_01,66.29743776,,,,47,0,103,821
923,13:55.3,EQP_003,SNS_008,LOC_05,,5.39821639,,,71,0,80,543
924,20:55.3,EQP_005,SNS_002,LOC_04,,,3.284687526,,48,0,35,526
925,42:55.3,EQP_005,SNS_009,LOC_05,,5.926518309,,,46,0,113,156
926,24:55.3,EQP_001,SNS_006,LOC_05,,,,219.7272268,55,0,55,796
927,04:55.3,EQP_002,SNS_009,LOC_06,,6.787899281,,,64,1,55,665
928,00:55.3,EQP_004,SNS_008,LOC_05,,4.843830293,,,11,0,84,820
929,00:55.3,EQP_002,SNS_007,LOC_06,,,,206.5512533,68,0,23,467
930,19:55.3,EQP_002,SNS_001,LOC_01,,,,235.0084928,87,0,94,441
931,14:55.3,EQP_001,SNS_003,LOC_01,,3.439525662,,,5,0,72,904
932,55:55.3,EQP_001,SNS_002,LOC_05,,,2.765283626,,88,0,81,951
933,43:55.3,EQP_001,SNS_005,LOC_01,,2.014642724,,,64,0,12,403
934,16:55.3,EQP_001,SNS_005,LOC_04,,6.209698611,,,24,0,37,863
935,57:55.3,EQP_005,SNS_005,LOC_06,,5.586257123,,,0,0,38,473
936,37:55.3,EQP_001,SNS_004,LOC_06,85.36646829,,,,31,0,96,915
937,15:55.3,EQP_005,SNS_005,LOC_05,,6.76841954,,,2,0,27,211
938,48:55.3,EQP_005,SNS_003,LOC_01,,5.738553506,,,48,0,44,977
939,59:55.3,EQP_001,SNS_001,LOC_02,,,,234.9307236,18,0,86,105
940,17:55.3,EQP_003,SNS_005,LOC_06,,6.246334973,,,59,0,85,802
941,05:55.3,EQP_004,SNS_009,LOC_05,,4.591447784,,,28,0,56,945
942,22:55.3,EQP_002,SNS_009,LOC_05,,5.214746749,,,49,0,14,378
943,39:55.3,EQP_005,SNS_004,LOC_04,73.84346431,,,,1,0,112,481
944,16:55.3,EQP_004,SNS_003,LOC_03,,4.417371471,,,72,0,84,951
945,29:55.3,EQP_003,SNS_001,LOC_03,,,,226.5026882,55,0,68,112
946,49:55.3,EQP_002,SNS_002,LOC_06,,,3.101609526,,16,0,84,402
947,56:55.3,EQP_002,SNS_008,LOC_04,,4.599566766,,,59,0,68,655
948,08:55.3,EQP_005,SNS_001,LOC_04,,,,215.7553563,35,0,115,716
949,27:55.3,EQP_001,SNS_008,LOC_04,,3.234961716,,,unknown,0,56,259
950,33:55.3,EQP_003,SNS_007,LOC_06,,,,221.3187871,16,0,104,253
951,10:55.3,EQP_005,SNS_008,LOC_03,,7.841022163,,,48,1,104,853
952,59:55.3,EQP_003,SNS_006,LOC_04,,,,208.416006,75,0,22,280
953,37:55.3,EQP_001,SNS_009,LOC_01,,6.627495295,,,unknown,0,87,625
954,09:55.3,EQP_001,SNS_003,LOC_05,,4.419934921,,,19,0,118,279
955,01:55.3,EQP_005,SNS_010,LOC_05,,3.611860288,,,,0,115,476
956,07:55.3,EQP_001,SNS_004,LOC_02,68.43044824,,,,2,0,98,903
957,59:55.3,EQP_004,SNS_006,LOC_02,,,,214.4109572,42,0,42,875
958,18:55.3,EQP_002,SNS_008,LOC_06,,3.107045388,,,56,0,106,267
959,11:55.3,EQP_005,SNS_005,LOC_06,,4.2920915,,,49,0,71,313
960,10:55.3,EQP_003,SNS_003,LOC_05,,4.796367177,,,67,1,88,249
961,43:55.3,EQP_004,SNS_006,LOC_01,,,,224.0699488,80,0,25,115
962,44:55.3,EQP_005,SNS_004,LOC_03,71.99545131,,,,49,0,53,190
963,02:55.3,EQP_001,SNS_009,LOC_03,,5.847584438,,,36,0,67,219
964,33:55.3,EQP_001,SNS_003,LOC_06,,5.555045734,,,45,0,111,352
965,09:55.3,EQP_001,SNS_004,LOC_01,75.99138339,,,,41,0,15,159
966,43:55.3,EQP_001,SNS_007,LOC_06,,,,258.1846944,14,0,117,365
967,44:55.3,EQP_003,SNS_007,LOC_03,,,,209.2765803,32,0,98,508
968,58:55.3,EQP_004,SNS_004,LOC_06,59.11181525,,,,79,0,24,130
969,44:55.3,EQP_002,SNS_006,LOC_04,,,,229.813364,10,0,13,120
970,01:55.3,EQP_003,SNS_003,LOC_06,,4.768076447,,,19,0,65,830
971,33:55.3,EQP_003,SNS_006,LOC_05,,,,221.8817381,23,0,73,692
972,53:55.3,EQP_002,SNS_002,LOC_06,,,3.684051332,,63,0,77,388
973,42:55.3,EQP_002,SNS_008,LOC_05,,4.510859731,,,79,0,103,642
974,11:55.3,EQP_001,SNS_002,LOC_01,,,2.394415268,,93,0,43,597
975,05:55.3,EQP_003,SNS_007,LOC_03,,,,215.6703178,97,0,100,845
976,50:55.3,EQP_005,SNS_009,LOC_02,,,,,64,0,104,573
977,11:55.3,EQP_002,SNS_001,LOC_02,,,,223.9798363,87,0,65,504
978,42:55.3,EQP_002,SNS_008,LOC_03,,5.090590503,,,87,0,41,647
979,40:55.3,EQP_004,SNS_007,LOC_02,,,,232.0248937,72,0,117,231
980,34:55.3,EQP_005,SNS_006,LOC_06,,,,233.8730518,85,0,112,423
981,58:55.3,EQP_005,SNS_006,LOC_01,,,,216.377225,75,0,18,957
982,06:55.3,EQP_002,SNS_006,LOC_01,,,,207.910269,16,0,72,231
983,52:55.3,EQP_001,SNS_009,LOC_03,,5.041327314,,,88,0,114,620
984,24:55.3,EQP_004,SNS_002,LOC_02,,,2.660224794,,91,0,81,129
985,45:55.3,EQP_005,SNS_001,LOC_06,,,,199.9812455,60,0,87,726
986,07:55.3,EQP_002,SNS_006,LOC_01,,,,222.5864562,14,0,42,400
987,29:55.3,EQP_005,SNS_010,LOC_01,,7.479740423,,,93,0,96,103
988,47:55.3,EQP_004,SNS_008,LOC_04,,4.637823376,,,50,0,30,424
989,42:55.3,EQP_004,SNS_003,LOC_04,,4.797679839,,,26,0,64,608
990,15:55.3,EQP_003,SNS_010,LOC_01,,4.011574897,,,85,0,85,336
991,30:55.3,EQP_002,SNS_001,LOC_03,,,,226.6227465,73,0,66,634
992,03:55.3,EQP_004,SNS_009,LOC_05,,5.419324525,,,60,0,11,115
993,39:55.3,EQP_003,SNS_001,LOC_05,,,,215.2790394,57,0,22,633
994,45:55.3,EQP_003,SNS_003,LOC_06,,4.428604483,,,30,0,13,683
995,10:55.3,EQP_005,SNS_008,LOC_01,,7.339520045,,,90,0,93,915
996,30:55.3,EQP_005,SNS_003,LOC_01,,5.539249308,,,11,0,59,545
997,10:55.3,EQP_003,SNS_004,LOC_01,85.45251015,,,,45,0,57,602
998,33:55.3,EQP_005,SNS_008,LOC_03,,5.62678459,,,30,0,87,329
999,45:55.3,EQP_004,SNS_001,LOC_04,,,,232.6010973,31,0,39,206
1000,08:55.3,EQP_001,SNS_006,LOC_01,,,,236.2519657,31,0,38,819
